 FASTA header,location, IDR start, IDR end
HopX1a <unknown description>,N-terminal,1,88
HopX1a <unknown description>,Middle,200,247
HopX1a <unknown description>,C-terminal,298,380
HopX1c <unknown description>,N-terminal,1,87
HopX1c <unknown description>,Middle,212,267
HopX1b <unknown description>,N-terminal,1,74
HopX1b <unknown description>,Middle,205,249
HopX1i <unknown description>,N-terminal,1,158
HopX1i <unknown description>,C-terminal,215,384
HopX1e <unknown description>,N-terminal,1,382
HopX1d <unknown description>,N-terminal,1,153
HopX1d <unknown description>,C-terminal,216,380
HopX1g <unknown description>,N-terminal,1,68
HopX1g <unknown description>,Middle,215,249
HopBO1c <unknown description>,N-terminal,1,57
HopBO1c <unknown description>,Middle,112,205
HopBO1b <unknown description>,N-terminal,1,59
HopBO1b <unknown description>,Middle,105,171
HopBO1a <unknown description>,N-terminal,1,57
HopBO1a <unknown description>,Middle,115,205
HopBO1d <unknown description>,N-terminal,1,53
HopBO1d <unknown description>,Middle,107,166
AvrRpm1a <unknown description>,N-terminal,1,228
AvrRpm1h <unknown description>,N-terminal,1,228
AvrRpm1d <unknown description>,N-terminal,1,100
AvrRpm1e <unknown description>,N-terminal,1,55
AvrRpm1f <unknown description>,N-terminal,1,45
AvrRpm1i <unknown description>,N-terminal,1,52
HopO1h <unknown description>,N-terminal,1,96
HopO1h <unknown description>,C-terminal,215,302
HopD1d <unknown description>,N-terminal,1,47
HopD1d <unknown description>,Middle,89,209
HopD1a <unknown description>,N-terminal,1,54
HopD1a <unknown description>,Middle,126,212
HopD1e <unknown description>,N-terminal,1,160
HopD1c <unknown description>,N-terminal,1,36
HopB1a <unknown description>,N-terminal,1,121
HopB1d <unknown description>,N-terminal,1,131
HopB1b <unknown description>,N-terminal,1,139
HopI1c <unknown description>,Middle,178,338
HopI1e <unknown description>,Middle,180,300
HopI1g <unknown description>,Middle,142,284
HopI1o <unknown description>,Middle,177,260
HopI1l <unknown description>,Middle,178,261
HopI1n <unknown description>,Middle,178,258
HopI1d <unknown description>,Middle,178,257
HopI1a <unknown description>,Middle,178,258
HopI1b <unknown description>,Middle,178,258
HopI1j <unknown description>,Middle,178,256
HopI1f <unknown description>,Middle,178,256
HopI1h <unknown description>,C-terminal,178,334
HopI1p <unknown description>,C-terminal,178,308
HopG1a <unknown description>,N-terminal,1,65
HopG1b <unknown description>,N-terminal,1,64
HopG1c <unknown description>,N-terminal,1,63
HopQ1b <unknown description>,N-terminal,1,55
HopQ1a <unknown description>,N-terminal,1,58
HopAI1a <unknown description>,C-terminal,190,267
HopAI1b <unknown description>,C-terminal,192,267
HopAI1d <unknown description>,C-terminal,197,267
HopAI1g <unknown description>,C-terminal,203,267
HopAI1c <unknown description>,C-terminal,203,267
HopAI1m <unknown description>,C-terminal,193,267
HopAI1k <unknown description>,C-terminal,192,267
AvrPto1f <unknown description>,N-terminal,1,165
AvrPto1d <unknown description>,N-terminal,1,164
AvrPto1m <unknown description>,N-terminal,1,164
AvrPto1k <unknown description>,N-terminal,1,164
AvrPto1e <unknown description>,N-terminal,1,162
AvrPto1i <unknown description>,N-terminal,1,163
AvrPto1h <unknown description>,N-terminal,1,163
AvrPto1c <unknown description>,N-terminal,1,162
AvrPto1l <unknown description>,N-terminal,1,160
AvrPto1a <unknown description>,N-terminal,1,160
AvrPto1b <unknown description>,N-terminal,1,44
HopZ1m <unknown description>,N-terminal,1,48
HopZ1m <unknown description>,C-terminal,304,367
HopZ1g <unknown description>,N-terminal,1,50
HopZ1g <unknown description>,C-terminal,245,369
HopZ1a <unknown description>,N-terminal,1,49
HopZ1a <unknown description>,C-terminal,240,369
HopZ1e <unknown description>,N-terminal,1,49
HopAB1r <unknown description>,N-terminal,1,128
HopAB1r <unknown description>,Middle,201,245
HopAB1r <unknown description>,Middle,316,403
HopAB1r <unknown description>,Middle,485,527
HopAB1i <unknown description>,N-terminal,1,145
HopAB1i <unknown description>,Middle,214,315
HopAB1i <unknown description>,Middle,485,539
HopAB1s <unknown description>,N-terminal,1,143
HopAB1s <unknown description>,Middle,216,312
HopAB1j <unknown description>,N-terminal,1,145
HopAB1j <unknown description>,Middle,214,305
HopAB1j <unknown description>,Middle,350,414
HopAB1g <unknown description>,N-terminal,1,144
HopAB1g <unknown description>,Middle,216,307
HopAB1g <unknown description>,Middle,483,535
HopAB1d <unknown description>,N-terminal,1,121
HopAB1d <unknown description>,Middle,188,267
HopAB1d <unknown description>,Middle,343,374
HopAB1a <unknown description>,N-terminal,1,93
HopAB1a <unknown description>,Middle,167,242
HopAB1a <unknown description>,Middle,311,355
HopAB1o <unknown description>,N-terminal,1,160
HopAB1o <unknown description>,Middle,228,309
HopAB1n <unknown description>,N-terminal,1,93
HopAB1n <unknown description>,Middle,176,252
HopAB1n <unknown description>,Middle,427,466
HopAB1af <unknown description>,N-terminal,1,144
HopAB1af <unknown description>,Middle,212,307
HopAB1af <unknown description>,C-terminal,346,449
HopAB1p <unknown description>,N-terminal,1,142
HopAB1p <unknown description>,Middle,217,301
HopAB1e <unknown description>,N-terminal,1,133
HopAR1a <unknown description>,N-terminal,1,142
HopAR1g <unknown description>,N-terminal,1,141
HopAR1b <unknown description>,N-terminal,1,183
HopAR1c <unknown description>,N-terminal,1,135
HopAR1e <unknown description>,N-terminal,1,134
HopAR1f <unknown description>,N-terminal,1,83
HopAR1d <unknown description>,N-terminal,1,139
HopAR1h <unknown description>,N-terminal,1,134
HopC1c <unknown description>,N-terminal,1,32
HopC1d <unknown description>,N-terminal,1,33
HopC1a <unknown description>,N-terminal,1,36
HopC1b <unknown description>,N-terminal,1,38
HopAW1a <unknown description>,N-terminal,1,32
AvrA1a <unknown description>,N-terminal,1,166
HopAT1b <unknown description>,N-terminal,1,133
HopAT1b <unknown description>,Middle,389,471
HopAT1b <unknown description>,Middle,623,677
HopAT1b <unknown description>,C-terminal,772,806
HopBL1a <unknown description>,Middle,402,553
HopBL1b <unknown description>,N-terminal,1,57
HopBL1b <unknown description>,Middle,412,508
HopBL1b <unknown description>,C-terminal,696,731
HopAT1o <unknown description>,N-terminal,1,106
HopAT1c <unknown description>,N-terminal,1,87
HopAT1g <unknown description>,N-terminal,1,82
HopAT1m <unknown description>,N-terminal,1,82
HopAT1i <unknown description>,N-terminal,1,82
HopAH1e <unknown description>,N-terminal,1,171
HopAH1e <unknown description>,C-terminal,339,432
HopAH1b <unknown description>,N-terminal,1,166
HopAH1b <unknown description>,C-terminal,358,427
HopAH1c <unknown description>,N-terminal,1,159
HopAH1k <unknown description>,N-terminal,1,159
HopAH1q <unknown description>,N-terminal,1,158
HopAH1q <unknown description>,C-terminal,353,421
HopAH1f <unknown description>,N-terminal,1,151
HopAH1h <unknown description>,N-terminal,1,117
HopH1c <unknown description>,C-terminal,92,221
HopBQ1a <unknown description>,N-terminal,1,110
AvrB2c <unknown description>,N-terminal,1,90
AvrB2g <unknown description>,N-terminal,1,111
AvrB2e <unknown description>,N-terminal,1,58
AvrB2d <unknown description>,N-terminal,1,52
AvrB2a <unknown description>,N-terminal,1,50
AvrB2b <unknown description>,N-terminal,1,42
HopK1d <unknown description>,N-terminal,1,72
HopK1e <unknown description>,N-terminal,1,151
HopK1a <unknown description>,N-terminal,1,156
HopK1b <unknown description>,N-terminal,1,151
HopAQ1a <unknown description>,N-terminal,1,83
HopBD1d <unknown description>,N-terminal,1,61
HopBD1g <unknown description>,N-terminal,1,41
HopBD1j <unknown description>,N-terminal,1,64
HopBD1b <unknown description>,N-terminal,1,62
HopBD1a <unknown description>,N-terminal,1,63
HopW1a <unknown description>,N-terminal,1,32
HopW1i <unknown description>,N-terminal,1,53
HopW1i <unknown description>,Middle,367,429
HopW1i <unknown description>,C-terminal,731,922
HopW1n <unknown description>,N-terminal,1,36
HopW1n <unknown description>,C-terminal,704,922
HopW1c <unknown description>,N-terminal,1,34
HopW1c <unknown description>,C-terminal,804,916
HopW1b <unknown description>,N-terminal,1,38
HopW1b <unknown description>,Middle,369,437
HopW1b <unknown description>,C-terminal,795,914
HopW1e <unknown description>,N-terminal,1,34
HopW1e <unknown description>,C-terminal,809,912
HopW1m <unknown description>,N-terminal,1,59
HopW1m <unknown description>,Middle,276,351
HopW1m <unknown description>,C-terminal,670,774
HopW1h <unknown description>,N-terminal,1,53
HopW1h <unknown description>,Middle,280,349
HopW1h <unknown description>,C-terminal,670,773
HopW1f <unknown description>,N-terminal,1,50
HopW1f <unknown description>,Middle,314,351
HopW1j <unknown description>,N-terminal,1,54
HopW1t <unknown description>,N-terminal,1,56
HopB2d <unknown description>,Middle,1129,1164
HopAA1a <unknown description>,N-terminal,1,38
HopAA1a <unknown description>,C-terminal,307,486
HopAA1m <unknown description>,N-terminal,1,48
HopAA1m <unknown description>,C-terminal,116,489
HopAA1b <unknown description>,N-terminal,1,36
HopAA1b <unknown description>,C-terminal,417,487
HopAA1e <unknown description>,N-terminal,1,34
HopAA1e <unknown description>,C-terminal,310,486
HopAA1c <unknown description>,Middle,114,178
HopAA1c <unknown description>,C-terminal,234,486
HopAA1d <unknown description>,N-terminal,1,35
HopAA1d <unknown description>,C-terminal,405,485
HopAA1q <unknown description>,N-terminal,1,37
HopAA1q <unknown description>,C-terminal,123,485
HopAA1f <unknown description>,C-terminal,453,483
HopAA1k <unknown description>,N-terminal,1,31
HopAA1k <unknown description>,C-terminal,405,484
HopAA1o <unknown description>,C-terminal,452,483
HopY1b <unknown description>,Middle,66,217
HopY1a <unknown description>,N-terminal,1,287
HopY1h <unknown description>,N-terminal,1,214
HopY1f <unknown description>,Middle,98,218
HopY1c <unknown description>,Middle,106,221
HopAF1c <unknown description>,N-terminal,1,59
HopAF1a <unknown description>,N-terminal,1,52
HopAF1j <unknown description>,N-terminal,1,53
HopAF1d <unknown description>,N-terminal,1,52
HopAF1e <unknown description>,N-terminal,1,53
HopAF1l <unknown description>,N-terminal,1,53
HopAF1k <unknown description>,N-terminal,1,53
HopAF1f <unknown description>,N-terminal,1,53
HopAF1h <unknown description>,N-terminal,1,52
HopAF1o <unknown description>,N-terminal,1,52
HopAF1b <unknown description>,N-terminal,1,50
HopAF1n <unknown description>,N-terminal,1,50
HopAG1b <unknown description>,N-terminal,1,58
HopAG1g <unknown description>,N-terminal,1,31
HopAG1a <unknown description>,N-terminal,1,47
HopAG1l <unknown description>,N-terminal,1,45
HopR1a <unknown description>,N-terminal,1,60
HopR1b <unknown description>,N-terminal,1,57
HopR1b <unknown description>,Middle,634,678
HopR1b <unknown description>,Middle,1685,1718
HopR1f <unknown description>,N-terminal,1,66
HopR1f <unknown description>,Middle,637,682
HopR1f <unknown description>,Middle,1680,1719
HopR1c <unknown description>,N-terminal,1,65
HopR1c <unknown description>,Middle,634,678
HopR1c <unknown description>,Middle,1680,1714
HopR1c <unknown description>,Middle,1768,1895
HopR1g <unknown description>,N-terminal,1,65
HopR1g <unknown description>,Middle,636,691
HopR1g <unknown description>,Middle,1680,1719
HopAS1i <unknown description>,N-terminal,1,187
HopAS1i <unknown description>,Middle,682,733
HopAS1b <unknown description>,N-terminal,1,106
HopAS1b <unknown description>,Middle,680,729
HopAS1h <unknown description>,N-terminal,1,181
HopAS1h <unknown description>,Middle,676,727
HopAS1c <unknown description>,N-terminal,1,178
HopAS1c <unknown description>,Middle,672,720
HopAS1a <unknown description>,N-terminal,1,180
HopAS1a <unknown description>,Middle,674,724
HopAS1d <unknown description>,N-terminal,1,178
HopAS1d <unknown description>,Middle,674,723
HopAS1e <unknown description>,N-terminal,1,183
HopAS1e <unknown description>,Middle,678,729
HopAS1e <unknown description>,Middle,1130,1164
HopAS1e <unknown description>,C-terminal,1273,1329
HopL1a <unknown description>,Middle,668,716
HopAU1a <unknown description>,N-terminal,1,51
HopAU1a <unknown description>,C-terminal,614,731
HopAL1a <unknown description>,N-terminal,1,77
HopAL1b <unknown description>,N-terminal,1,88
HopAD1b <unknown description>,N-terminal,1,37
HopAD1b <unknown description>,C-terminal,628,675
HopAD1a <unknown description>,N-terminal,1,34
HopBI1b <unknown description>,N-terminal,1,80
HopBI1a <unknown description>,N-terminal,1,79
HopAX1a <unknown description>,N-terminal,1,49
HopAX1a <unknown description>,Middle,101,163
HopAX1f <unknown description>,N-terminal,1,37
HopAX1d <unknown description>,N-terminal,1,38
HopAX1d <unknown description>,Middle,113,163
HopBH1a <unknown description>,N-terminal,1,202
HopBH1a <unknown description>,C-terminal,256,421
HopT1a <unknown description>,N-terminal,1,37
HopT1d <unknown description>,N-terminal,1,37
HopAM1b <unknown description>,N-terminal,1,41
HopAM1b <unknown description>,C-terminal,234,276
HopAM1d <unknown description>,N-terminal,1,41
HopAM1d <unknown description>,C-terminal,239,276
HopAM1a <unknown description>,N-terminal,1,42
HopBJ1b <unknown description>,N-terminal,1,56
HopBA1a <unknown description>,N-terminal,1,31
HopE1b <unknown description>,N-terminal,1,31
HopBF1a <unknown description>,N-terminal,1,34
HopBF1c <unknown description>,N-terminal,1,43
HopF1e <unknown description>,N-terminal,1,42
HopF1a <unknown description>,N-terminal,1,48
HopF1q <unknown description>,N-terminal,1,72
HopBP1b <unknown description>,N-terminal,1,131
HopBP1b <unknown description>,C-terminal,339,411
HopBP1g <unknown description>,N-terminal,1,130
HopBP1g <unknown description>,C-terminal,338,410
HopBP1c <unknown description>,N-terminal,1,130
HopBP1c <unknown description>,C-terminal,334,408
HopBP1a <unknown description>,N-terminal,1,131
HopBP1a <unknown description>,C-terminal,330,407
HopBP1f <unknown description>,N-terminal,1,131
HopZ1d <unknown description>,N-terminal,1,54
HopZ1b <unknown description>,N-terminal,1,46
HopZ1j <unknown description>,N-terminal,1,49
HopZ1i <unknown description>,N-terminal,1,47
HopZ2a <unknown description>,N-terminal,1,56
HopZ2a <unknown description>,C-terminal,298,362
HopZ2b <unknown description>,N-terminal,1,57
HopZ2b <unknown description>,C-terminal,298,362
HopZ2c <unknown description>,N-terminal,1,57
HopZ2c <unknown description>,C-terminal,292,322
HopZ4a <unknown description>,C-terminal,247,335
AvrE1d <unknown description>,N-terminal,1,257
AvrE1d <unknown description>,Middle,1475,1514
AvrE1f <unknown description>,N-terminal,1,226
AvrE1f <unknown description>,Middle,1449,1492
AvrE1e <unknown description>,N-terminal,1,254
AvrE1e <unknown description>,Middle,1453,1486
AvrE1k <unknown description>,N-terminal,1,258
AvrE1k <unknown description>,Middle,1454,1486
AvrE1h <unknown description>,N-terminal,1,251
AvrE1h <unknown description>,Middle,1445,1491
AvrE1g <unknown description>,N-terminal,1,244
AvrE1g <unknown description>,Middle,1449,1487
AvrE1s <unknown description>,N-terminal,1,213
AvrE1j <unknown description>,N-terminal,1,182
AvrE1j <unknown description>,Middle,1393,1446
AvrE1a <unknown description>,N-terminal,1,158
AvrE1a <unknown description>,Middle,1376,1406
AvrE1p <unknown description>,N-terminal,1,150
AvrE1p <unknown description>,Middle,1353,1407
AvrE1i <unknown description>,N-terminal,1,148
HopF1d <unknown description>,N-terminal,1,216
HopF1p <unknown description>,N-terminal,1,54
HopF1c <unknown description>,N-terminal,1,35
HopF1i <unknown description>,N-terminal,1,118
HopF1m <unknown description>,N-terminal,1,34
HopF1g <unknown description>,N-terminal,1,42
HopF1l <unknown description>,N-terminal,1,41
HopF1r <unknown description>,N-terminal,1,37
HopF1j <unknown description>,N-terminal,1,37
HopF3a <unknown description>,N-terminal,1,51
HopF1b <unknown description>,N-terminal,1,38
HopF1k <unknown description>,N-terminal,1,53
HopO2e <unknown description>,N-terminal,1,113
HopO2e <unknown description>,C-terminal,205,298
HopO2a <unknown description>,N-terminal,1,112
HopO2a <unknown description>,C-terminal,205,300
HopO2d <unknown description>,N-terminal,1,115
HopO2d <unknown description>,C-terminal,203,298
HopO2c <unknown description>,N-terminal,1,108
HopO2b <unknown description>,N-terminal,1,125
HopO1f <unknown description>,N-terminal,1,89
HopO1c <unknown description>,N-terminal,1,92
HopO1c <unknown description>,C-terminal,228,301
HopO1a <unknown description>,N-terminal,1,97
HopO1b <unknown description>,N-terminal,1,71
HopO1d <unknown description>,N-terminal,1,92
HopO1d <unknown description>,C-terminal,173,207
HopA1l <unknown description>,Middle,93,125
HopA1c <unknown description>,Middle,98,131
HopA1a <unknown description>,Middle,101,132
HopA1g <unknown description>,Middle,65,127
HopM1s <unknown description>,N-terminal,1,61
HopM1s <unknown description>,Middle,551,731
HopM1s <unknown description>,C-terminal,801,836
HopM1af <unknown description>,N-terminal,1,95
HopM1af <unknown description>,C-terminal,600,771
HopM1v <unknown description>,N-terminal,1,61
HopM1v <unknown description>,C-terminal,555,765
HopM1d <unknown description>,N-terminal,1,87
HopM1d <unknown description>,C-terminal,620,745
HopM1b <unknown description>,N-terminal,1,59
HopM1b <unknown description>,C-terminal,550,744
HopM1t <unknown description>,N-terminal,1,58
HopM1t <unknown description>,C-terminal,553,742
HopM1y <unknown description>,N-terminal,1,59
HopM1y <unknown description>,C-terminal,615,725
HopM1g <unknown description>,N-terminal,1,69
HopM1g <unknown description>,Middle,410,447
HopM1g <unknown description>,C-terminal,547,719
HopM1x <unknown description>,N-terminal,1,70
HopM1x <unknown description>,C-terminal,682,718
HopM1r <unknown description>,N-terminal,1,69
HopM1r <unknown description>,C-terminal,675,718
HopM1f <unknown description>,N-terminal,1,93
HopM1f <unknown description>,C-terminal,564,715
HopM1h <unknown description>,N-terminal,1,58
HopM1n <unknown description>,N-terminal,1,58
HopM1n <unknown description>,Middle,504,544
HopM1n <unknown description>,C-terminal,596,697
HopM1j <unknown description>,N-terminal,1,59
HopM1j <unknown description>,C-terminal,599,697
HopV1b <unknown description>,N-terminal,1,60
HopV1j <unknown description>,N-terminal,1,57
HopV1i <unknown description>,N-terminal,1,62
HopV1k <unknown description>,N-terminal,1,61
HopV1o <unknown description>,N-terminal,1,58
HopV1g <unknown description>,N-terminal,1,60
HopV1d <unknown description>,N-terminal,1,57
HopV1n <unknown description>,N-terminal,1,58
HopN1a <unknown description>,N-terminal,1,40
AvrB2f <unknown description>,N-terminal,1,44
AvrE1aa <unknown description>,N-terminal,1,210
AvrE1b <unknown description>,N-terminal,1,236
AvrE1b <unknown description>,Middle,1446,1487
AvrE1c <unknown description>,N-terminal,1,354
AvrE1c <unknown description>,Middle,1553,1606
AvrE1l <unknown description>,N-terminal,1,240
AvrE1l <unknown description>,Middle,1460,1498
AvrE1m <unknown description>,N-terminal,1,225
AvrE1m <unknown description>,Middle,1421,1464
AvrE1n <unknown description>,N-terminal,1,408
AvrE1n <unknown description>,Middle,805,878
AvrE1n <unknown description>,Middle,1086,1165
AvrE1n <unknown description>,Middle,1529,1559
AvrE1n <unknown description>,C-terminal,1792,1860
AvrE1o <unknown description>,N-terminal,1,78
AvrE1o <unknown description>,Middle,1277,1319
AvrE1q <unknown description>,IDP,1,258
AvrE1x <unknown description>,N-terminal,1,270
AvrE1x <unknown description>,Middle,779,846
AvrE1x <unknown description>,Middle,1054,1137
AvrE1x <unknown description>,C-terminal,1758,1828
AvrE1y <unknown description>,N-terminal,1,190
AvrE1y <unknown description>,Middle,265,304
AvrE1y <unknown description>,Middle,1378,1551
AvrE1y <unknown description>,C-terminal,1657,1719
AvrE1z <unknown description>,N-terminal,1,199
AvrE1z <unknown description>,Middle,1425,1461
AvrPto1g <unknown description>,IDP,1,160
AvrPto1j <unknown description>,IDP,1,267
AvrPto1n <unknown description>,N-terminal,1,61
AvrPto1n <unknown description>,C-terminal,132,166
AvrRpm1c <unknown description>,N-terminal,1,51
AvrRpm1g <unknown description>,IDP,1,229
AvrRpt2a <unknown description>,N-terminal,1,109
AvrRpt2b <unknown description>,N-terminal,1,105
AvrRpt2c <unknown description>,N-terminal,1,104
HopA1m <unknown description>,N-terminal,1,56
HopA1p <unknown description>,N-terminal,1,49
HopA1q <unknown description>,Middle,65,132
HopAA1h <unknown description>,N-terminal,1,39
HopAA1i <unknown description>,N-terminal,1,36
HopAA1i <unknown description>,C-terminal,122,485
HopAA1l <unknown description>,N-terminal,1,40
HopAA1l <unknown description>,C-terminal,143,189
HopAA1p <unknown description>,N-terminal,1,38
HopAA1p <unknown description>,C-terminal,146,239
HopAB1aa <unknown description>,N-terminal,1,40
HopAB1aa <unknown description>,Middle,111,190
HopAB1aa <unknown description>,Middle,264,297
HopAB1aa <unknown description>,C-terminal,371,423
HopAB1ab <unknown description>,N-terminal,1,131
HopAB1ab <unknown description>,Middle,200,277
HopAB1ab <unknown description>,Middle,352,386
HopAB1b <unknown description>,N-terminal,1,167
HopAB1c <unknown description>,Middle,42,119
HopAB1c <unknown description>,Middle,195,226
HopAB1k <unknown description>,N-terminal,1,64
HopAB1l <unknown description>,N-terminal,1,64
HopAB1m <unknown description>,N-terminal,1,83
HopAB1m <unknown description>,C-terminal,142,200
HopAB1q <unknown description>,N-terminal,1,129
HopAB1q <unknown description>,Middle,203,290
HopAB1q <unknown description>,Middle,355,397
HopAB1q <unknown description>,Middle,465,518
HopAB1u <unknown description>,N-terminal,1,129
HopAB1u <unknown description>,Middle,203,401
HopAB1u <unknown description>,Middle,469,523
HopAB1v <unknown description>,N-terminal,1,143
HopAB1w <unknown description>,Middle,84,122
HopAF1g <unknown description>,N-terminal,1,53
HopAF1i <unknown description>,N-terminal,1,50
HopAG1e <unknown description>,IDP,1,57
HopAG1h <unknown description>,N-terminal,1,32
HopAG1j <unknown description>,N-terminal,1,62
HopAG1n <unknown description>,IDP,1,111
HopAG1p <unknown description>,N-terminal,1,55
HopAH1aa <unknown description>,IDP,1,86
HopAH1t <unknown description>,N-terminal,1,75
HopAI1e <unknown description>,C-terminal,196,267
HopAI1f <unknown description>,IDP,1,69
HopAI1h <unknown description>,IDP,1,75
HopAI1i <unknown description>,C-terminal,154,230
HopAI1l <unknown description>,IDP,1,54
HopAI1n <unknown description>,IDP,1,94
HopAS1f <unknown description>,N-terminal,1,176
HopAS1f <unknown description>,C-terminal,341,377
HopAS1g <unknown description>,IDP,1,82
HopAT1a <unknown description>,C-terminal,717,762
HopAT1d <unknown description>,C-terminal,717,763
HopAT1e <unknown description>,Middle,507,538
HopAT1e <unknown description>,C-terminal,1075,1124
HopAT1f <unknown description>,C-terminal,66,97
HopAT1h <unknown description>,IDP,1,122
HopAU1b <unknown description>,IDP,1,88
HopAZ1n <unknown description>,IDP,1,89
HopAZ1s <unknown description>,IDP,1,145
HopB1c <unknown description>,IDP,1,171
HopB1e <unknown description>,N-terminal,1,118
HopB2k <unknown description>,N-terminal,1,36
HopB2m <unknown description>,C-terminal,972,1011
HopBA1b <unknown description>,IDP,1,66
HopBD1c <unknown description>,N-terminal,1,60
HopBD1e <unknown description>,N-terminal,1,70
HopBD1f <unknown description>,N-terminal,1,56
HopBF1b <unknown description>,N-terminal,1,43
HopBH1b <unknown description>,N-terminal,1,202
HopBH1b <unknown description>,Middle,259,289
HopBH1c <unknown description>,N-terminal,1,155
HopBH1c <unknown description>,Middle,207,282
HopBH1d <unknown description>,N-terminal,1,173
HopBJ1a <unknown description>,N-terminal,1,34
HopBN1d <unknown description>,N-terminal,1,49
HopBN1f <unknown description>,N-terminal,1,49
HopBN1g <unknown description>,N-terminal,1,33
HopBP1d <unknown description>,IDP,1,82
HopBP1e <unknown description>,N-terminal,1,62
HopBP1e <unknown description>,C-terminal,267,341
HopBR1a <unknown description>,IDP,1,133
HopBS1a <unknown description>,IDP,1,52
HopD1b <unknown description>,N-terminal,1,218
HopD1f <unknown description>,N-terminal,1,103
HopD1h <unknown description>,N-terminal,1,42
HopD1k <unknown description>,N-terminal,1,37
HopD1k <unknown description>,C-terminal,136,177
HopD2e <unknown description>,C-terminal,152,185
HopD2h <unknown description>,C-terminal,157,187
HopF1f <unknown description>,N-terminal,1,33
HopF1f <unknown description>,Middle,117,147
HopF1n <unknown description>,N-terminal,1,37
HopF1o <unknown description>,N-terminal,1,36
HopF1t <unknown description>,N-terminal,1,36
HopF1v <unknown description>,N-terminal,1,69
HopF3b <unknown description>,IDP,1,96
HopF3c <unknown description>,N-terminal,1,34
HopG1e <unknown description>,IDP,1,96
HopG1f <unknown description>,IDP,1,78
HopG1g <unknown description>,N-terminal,1,63
HopI1i <unknown description>,Middle,180,412
HopI1k <unknown description>,Middle,178,257
HopI1m <unknown description>,Middle,177,444
HopI1s <unknown description>,Middle,179,415
HopK1c <unknown description>,N-terminal,1,154
HopM1aa <unknown description>,N-terminal,1,93
HopM1ab <unknown description>,N-terminal,1,59
HopM1ab <unknown description>,C-terminal,556,760
HopM1ac <unknown description>,C-terminal,86,162
HopM1ad <unknown description>,N-terminal,1,60
HopM1ad <unknown description>,C-terminal,556,795
HopM1ae <unknown description>,N-terminal,1,60
HopM1i <unknown description>,IDP,1,61
HopM1l <unknown description>,N-terminal,1,91
HopM1l <unknown description>,C-terminal,264,294
HopM1w <unknown description>,C-terminal,598,656
HopN1b <unknown description>,N-terminal,1,31
HopO1e <unknown description>,IDP,1,54
HopO1g <unknown description>,N-terminal,1,146
HopQ1d <unknown description>,N-terminal,1,56
HopR1d <unknown description>,N-terminal,1,62
HopR1d <unknown description>,C-terminal,1216,1324
HopR1e <unknown description>,N-terminal,1,61
HopR1e <unknown description>,Middle,1681,1715
HopR1h <unknown description>,N-terminal,1,64
HopV1a <unknown description>,N-terminal,1,89
HopW1d <unknown description>,N-terminal,1,39
HopW1g <unknown description>,N-terminal,1,41
HopW1g <unknown description>,Middle,279,353
HopW1g <unknown description>,C-terminal,674,774
HopW1l <unknown description>,N-terminal,1,33
HopW1r <unknown description>,N-terminal,1,50
HopW1s <unknown description>,N-terminal,1,36
HopW1s <unknown description>,C-terminal,791,905
HopW1u <unknown description>,N-terminal,1,89
HopW1u <unknown description>,C-terminal,749,973
HopX1f <unknown description>,Middle,45,92
HopX1f <unknown description>,C-terminal,134,220
HopX1h <unknown description>,N-terminal,1,161
HopX1j <unknown description>,IDP,1,382
HopX1k <unknown description>,N-terminal,1,157
HopY1e <unknown description>,Middle,106,220
HopZ1f <unknown description>,IDP,1,59
HopZ1h <unknown description>,N-terminal,1,49
HopZ1h <unknown description>,C-terminal,247,369
HopZ1k <unknown description>,IDP,1,99
HopZ5a <unknown description>,N-terminal,1,44
HopZ5a <unknown description>,C-terminal,252,346
HopZ5b <unknown description>,N-terminal,1,44
HopZ5b <unknown description>,C-terminal,283,346
AvrB1b <unknown description>,N-terminal,1,31
