 D3NQ26	471	491
 Q87TZ7	117	161
 Q87U48	1	105
 Q87U88	1	27
 Q87U88	277	291
 Q87UG8	1	23
 Q87VE4	1	41
 Q87VQ0	1	26
 Q87VQ0	404	421
 Q87WE9	549	563
 Q87WI3	1	14
 Q87WV8	371	386
 Q87X69	268	319
 Q87X69	401	433
 Q87X83	1	43
 Q87X83	103	133
 Q87XN5	63	83
 Q87XP7	88	183
 Q87XS6	1	26
 Q87Y66	52	64
 Q87YU3	276	293
 Q87Z44	1	26
 Q880V7	186	208
 Q880V7	259	281
 Q882H4	1	61
 Q882I0	234	246
 Q882Q2	248	333
 Q883L6	1	14
 Q885C9	1	16
 Q885H5	1	27
 Q885I6	1	108
 Q885J9	1	20
 Q886G2	1	17
 Q887A6	1	118
 Q887Q6	431	482
 Q887W8	1	229
 Q888G9	1	72
 Q888N2	1	53
 Q889H8	1	16
 Q88A61	816	829
 Q88AA6	1	20
 Q88AK2	1	33
 Q88AS4	159	174
 Q88B05	1	20
 Q88BJ9	1	25
 Q87UU3	1	54
 Q87UY5	244	266
 Q87VS0	1	32
 Q87VW8	1	55
 Q87W96	1	30
 Q87X12	1	36
 Q87XM9	201	222
 Q87XM9	277	291
 Q87XQ9	1	130
 Q87XQ9	303	381
 Q87YE9	1	34
 Q87YW9	1	40
 Q87ZM2	1	32
 Q880B4	1	23
 Q880H3	497	509
 Q880H8	1	27
 Q880Q8	1	40
 Q880X5	1	19
 Q881K3	1	81
 Q881N8	1	32
 Q882E4	1	118
 Q883K9	1	25
 Q883N8	1	31
 Q883N8	462	507
 Q883V1	1	22
 Q884D6	1	44
 Q884D6	245	265
 Q884F0	1	21
 Q884Z3	1	22
 Q884Z3	107	246
 Q886J2	386	453
 Q886J9	1	26
 Q886X3	1	38
 Q887B3	1	61
 Q887D6	1	23
 Q887N9	1	20
 Q887N9	153	220
 Q888F3	1	14
 Q888J2	1	28
 Q88A59	98	113
 Q88A59	459	514
 Q88A59	640	652
 Q88AN1	1	24
 Q88AN4	1	52
 Q88AQ9	715	773
 Q88AS2	1	22
 Q88BG4	403	443
 Q88BP8	1	72
 Q88BU7	1	91
 Q87UF0	1	124
 Q87UJ2	57	106
 Q87V27	1	41
 Q87VT4	1	33
 Q87VX5	64	116
 Q87VZ9	349	366
 Q87WI9	1	24
 Q87X55	1	33
 Q87Y40	1	24
 Q87Y49	1	42
 Q87YR6	1	16
 Q87YS8	213	259
 Q87ZB1	1	41
 Q87ZF3	104	126
 Q87ZZ3	318	336
 Q880D5	1	62
 Q880D5	106	131
 Q880U5	1	18
 Q881A0	1	39
 Q881T4	1	13
 Q881V8	1	44
 Q881X2	1	18
 Q881X2	269	296
 Q882M8	1	14
 Q882T0	1	16
 Q882Z6	86	103
 Q883G4	1	21
 Q883I2	1	42
 Q884Q9	1	73
 Q885C7	277	289
 Q886H6	1	39
 Q886S5	1	28
 Q886V3	344	458
 Q886V9	1	13
 Q887N6	1	25
 Q888D3	1	14
 Q888D3	616	639
 Q888D3	756	805
 Q888L8	1	15
 Q888L8	394	407
 Q889B2	1	73
 Q88A28	1	25
 Q88AN3	1	73
 Q88AN3	187	210
 Q88AV7	1	105
 Q88B53	1	26
 Q88BI7	171	459
 Q88BI7	672	746
 G3XDB4	1	50
 Q87TY6	1	346
 Q87UE8	1	92
 Q87UZ5	137	257
 Q87VB3	1	36
 Q87VD3	73	122
 Q87VD3	196	248
 Q87VP9	1	30
 Q87VP9	79	98
 Q87W62	1	13
 Q87WI8	1	23
 Q87WS7	256	281
 Q87X97	1	42
 Q87XW7	310	325
 Q87Y61	100	127
 Q87YM7	1	21
 Q87YR5	417	436
 Q87ZD9	1	22
 Q880E0	1	33
 Q880F7	1	20
 Q880I7	1	31
 Q880N3	1	13
 Q880N3	484	510
 Q880N8	87	101
 Q882Y5	1	24
 Q882Z4	608	662
 Q883A5	401	417
 Q883R3	1	13
 Q884C5	133	147
 Q884V3	130	201
 Q885R0	1	41
 Q885Y3	1	21
 Q886I8	1	40
 Q886L2	1	32
 Q886R9	42	63
 Q887X9	1	14
 Q888C7	188	203
 Q88AG5	1	44
 Q88AG5	474	497
 Q88AI4	1	16
 Q88AP5	1	46
 Q88AP6	1	27
 Q88AP6	276	291
 Q88B10	1	22
 Q88BD6	1	25
 Q88BT0	1	13
 Q88BT0	203	231
 Q87TT9	187	205
 Q87TU1	1	71
 Q87U15	444	483
 Q87U43	1	20
 Q87U43	77	111
 Q87UR6	1	28
 Q87UT5	1	27
 Q87UU1	1	40
 Q87UU1	250	300
 Q87VW3	1	43
 Q87VW3	214	250
 Q87VW3	320	342
 Q87WI5	1	23
 Q87WM7	1	18
 Q87WM7	961	981
 Q87WM7	2010	2040
 Q87WM7	2333	2373
 Q87X98	1	29
 Q87XX8	1	376
 Q87XX8	429	798
 Q87XX8	888	1222
 Q87Y32	1	14
 Q87YJ5	431	445
 Q87Z96	1	26
 Q87ZC6	389	416
 Q87ZE5	1	27
 Q882R9	1	26
 Q882V8	1	17
 Q883W1	917	996
 Q884K6	1	138
 Q884K6	244	277
 Q884W1	1	27
 Q884W1	359	378
 Q884X0	1	327
 Q884X0	410	474
 Q886H0	1	25
 Q886S9	165	203
 Q887E8	1	68
 Q887J6	1	35
 Q887Q0	1	15
 Q888B8	1	18
 Q888F0	1	15
 Q888T6	1	13
 Q889H7	1	13
 Q889H7	448	465
 Q889I6	1	29
 Q88AE8	1	33
 Q88AM1	1	111
 Q88AY2	1	20
 Q88BU5	198	278
 A7WK46	107	127
 A7WK46	214	244
 Q87TY2	93	105
 Q87TY2	630	648
 Q87UE1	1	22
 Q87UH5	1	23
 Q87UI6	1	14
 Q87UT3	1	28
 Q87VI4	1	113
 Q87VI4	278	341
 Q87W65	1	34
 Q87X23	1	30
 Q87XF6	1	21
 Q87Y36	143	155
 Q87Y63	1	15
 Q87Z16	1	25
 Q880D2	1	14
 Q880K6	1106	1133
 Q882F0	1	324
 Q882P5	1	13
 Q883L3	1	28
 Q883V8	1	22
 Q883X2	1	38
 Q884D8	1	34
 Q884F2	1	32
 Q884H8	1	33
 Q884I4	1	19
 Q884M1	1	39
 Q884S7	1	34
 Q884W9	1	59
 Q885J0	430	444
 Q885L8	173	257
 Q885M7	1	30
 Q886I0	1	17
 Q886P3	235	247
 Q886X5	344	367
 Q887C1	1	22
 Q887C1	683	699
 Q888Z6	1	43
 Q889M8	62	82
 Q88AW3	43	85
 Q88AW3	212	235
 Q88BR3	1	167
 Q88BR3	276	288
 Q88BR3	349	361
 Q88BT7	1	13
 Q9L6W9	340	354
 Q1XFZ6	1	82
 Q1XFZ7	1	83
 Q87UQ9	1	21
 Q87UU7	1	28
 Q87V53	1	33
 Q87VK4	1	13
 Q87W74	1	13
 Q87W82	1	57
 Q87WI6	1	24
 Q87XM2	1	17
 Q87XM2	266	301
 Q87Y38	1	57
 Q87Y57	1	93
 Q87YG4	1	60
 Q87YQ3	286	301
 Q87YQ3	560	617
 Q87YW8	1	20
 Q87Z60	1	38
 Q87ZC7	1	13
 Q87ZC7	319	332
 Q87ZP9	581	617
 Q87ZU5	1	23
 Q880N6	1	26
 Q880X4	65	81
 Q881K1	1	32
 Q881T9	1	44
 Q882V9	1	35
 Q883W9	1	26
 Q884M6	1	53
 Q884N8	1	74
 Q885A2	1	98
 Q885N3	83	100
 Q885N5	1	32
 Q885V0	119	131
 Q885V5	86	104
 Q885W1	1	36
 Q885X6	1	59
 Q885X6	208	242
 Q885Z2	1	18
 Q886B0	1	28
 Q886B0	914	970
 Q886G4	241	253
 Q887B9	1	25
 Q887B9	231	256
 Q887C6	1	31
 Q887C6	94	370
 Q887I2	1	28
 Q887T0	1	35
 Q888G1	1	20
 Q888G1	169	200
 Q888W9	1	168
 Q889X0	39	70
 Q88B73	1	22
 Q88BQ6	1	25
 Q87U24	1	54
 Q87U33	142	196
 Q87U45	1	77
 Q87UU8	146	168
 Q87V84	454	565
 Q87V84	651	674
 Q87VK9	1	14
 Q87VK9	711	723
 Q87VN2	1	21
 Q87VT2	1	19
 Q87W63	299	320
 Q87W63	404	429
 Q87WF2	138	157
 Q87X52	1	14
 Q87X52	128	150
 Q87XI3	1	28
 Q87YA9	1	71
 Q87Z49	1	51
 Q87Z49	369	423
 Q87ZT1	316	332
 Q880E7	42	92
 Q881V9	60	75
 Q882B1	1	13
 Q882P1	1	13
 Q883H4	78	93
 Q883H4	283	295
 Q883M2	71	104
 Q883T7	1	24
 Q883T7	126	145
 Q884U9	1	142
 Q886R4	1	15
 Q886Y8	1	13
 Q887G1	1	23
 Q887G3	87	166
 Q887S3	1	37
 Q887V8	1	21
 Q888L2	1	33
 Q888X5	1	24
 Q889A9	1	33
 Q889T3	1	20
 Q889T3	446	478
 Q88AF5	1	25
 Q88AP7	150	332
 Q88AQ3	1	30
 Q88BM4	1	29
 Q87U31	1	13
 Q87UG9	1	49
 Q87UG9	393	445
 Q87UJ6	1	27
 Q87V81	1	17
 Q87W25	1	13
 Q87WJ1	1	26
 Q87WJ1	202	237
 Q87WL2	1	32
 Q87WZ7	1	25
 Q87X82	1	13
 Q87Y06	150	192
 Q87Y15	127	178
 Q87YG1	1	17
 Q87YG1	69	86
 Q87YN2	449	572
 Q87ZS1	143	175
 Q87ZX2	1	49
 Q87ZX2	373	395
 Q880H9	1	28
 Q880H9	528	559
 Q880J5	140	162
 Q880Q0	1	48
 Q880T5	1	26
 Q881G5	535	557
 Q882A2	1	31
 Q882H9	142	155
 Q883I4	1	23
 Q884A3	1	20
 Q885Z9	425	460
 Q886J3	1	123
 Q888X6	1	15
 Q889S8	1	49
 Q88B52	1	66
 Q88BR2	715	762
 Q87TZ3	1	20
 Q87U85	140	202
 Q87U90	1	22
 Q87UN2	1	38
 Q87UN3	1	33
 Q87UP0	496	510
 Q87V10	155	208
 Q87W21	1	44
 Q87WF6	1	96
 Q87X15	235	247
 Q87X68	374	406
 Q87XE1	1	152
 Q87XI7	1	91
 Q87XS7	1	49
 Q87XV3	1	115
 Q87Y47	1	34
 Q87YM9	72	86
 Q87Z90	1	30
 Q87Z90	299	317
 Q87ZE3	1	38
 Q87ZH8	1	13
 Q87ZY2	1	52
 Q880K7	288	342
 Q880M0	197	217
 Q880U9	401	413
 Q881Z0	1	25
 Q882T2	1	13
 Q884A5	1	244
 Q884D3	1	36
 Q884D3	266	288
 Q884H3	1	25
 Q886A3	1	27
 Q887G2	517	550
 Q887L0	1	17
 Q888C3	1	43
 Q888J7	1	22
 Q888J7	726	739
 Q889Z0	1	113
 Q889Z0	461	474
 Q88A70	1	23
 Q88A70	144	197
 Q88BI0	403	416
 Q88BI0	591	651
 Q877R9	1	45
 Q877R9	239	276
 Q87TV6	1	13
 Q87TW4	1	13
 Q87U67	1	15
 Q87UG5	1	40
 Q87UK1	1	32
 Q87UT1	1	26
 Q87V13	1	19
 Q87V13	155	167
 Q87VC5	1	19
 Q87VJ4	69	86
 Q87WG4	1	44
 Q87WQ6	118	138
 Q87WR7	1	15
 Q87XQ8	1	38
 Q87YA5	1	41
 Q87YE2	119	136
 Q87YJ9	336	355
 Q87YS6	1	20
 Q87ZC8	1	18
 Q87ZG8	1	25
 Q87ZL4	467	493
 Q880K3	38	67
 Q880R5	1	27
 Q881Z2	260	282
 Q882U0	237	279
 Q884U7	1	18
 Q885B3	379	465
 Q886D8	1	93
 Q886F8	1	60
 Q887Y7	1	21
 Q888V3	242	305
 Q888V3	688	700
 Q889C1	1	33
 Q889C1	374	513
 Q889E9	1	19
 Q889M3	1	17
 Q889M3	257	287
 Q889P6	285	304
 Q88A43	1	106
 Q88A60	170	221
 Q88AR3	1	21
 Q88AV2	59	81
 Q88BS1	1	323
 Q88BS1	387	404
 Q9F0H3	1	67
 Q877S2	246	269
 Q87TU9	114	144
 Q87UB4	1	29
 Q87UM8	1	17
 Q87UM8	108	140
 Q87UZ4	1	14
 Q87VG7	132	185
 Q87VG7	505	529
 Q87VG7	931	950
 Q87VU7	1	49
 Q87WC9	120	144
 Q87WF8	1	92
 Q87X40	1	21
 Q87X84	1032	1044
 Q87XH9	1	14
 Q87XJ5	71	93
 Q87XX0	1	13
 Q87YV6	1	13
 Q87ZE9	1	19
 Q87ZW9	1	62
 Q880D4	1	108
 Q880R0	1	24
 Q880X0	48	64
 Q882J2	1	22
 Q883N0	1	40
 Q883Z6	77	176
 Q884V7	156	175
 Q884W5	1	38
 Q885I0	1	35
 Q885K1	325	351
 Q887D2	1	53
 Q889F1	130	148
 Q889F1	216	232
 Q889F1	367	407
 Q889H3	1095	1158
 Q88AC4	71	85
 Q88BE8	1	85
 Q88BE8	301	318
 Q88BP2	199	278
 D3NQ19	1	30
 Q87U00	1	157
 Q87U32	235	253
 Q87UC5	522	539
 Q87UX2	1	29
 Q87UZ2	1	18
 Q87VH8	194	327
 Q87W84	1	20
 Q87WH6	1	38
 Q87WM9	297	316
 Q87WQ5	56	256
 Q87WZ0	324	395
 Q87XA2	117	140
 Q87XG7	1	19
 Q87XG8	1	32
 Q87XQ2	1	16
 Q87XQ2	131	252
 Q87Y95	127	161
 Q87YY0	269	291
 Q87Z67	1	16
 Q87ZS0	1	34
 Q880B8	1	19
 Q880C1	1	19
 Q880D0	1	27
 Q880L4	1	17
 Q880R4	1	30
 Q881J7	1	14
 Q881R4	1	23
 Q883U3	1	37
 Q884F9	1	16
 Q884J3	906	918
 Q886B3	1	82
 Q886I2	279	323
 Q888J6	1	41
 Q888N9	1	191
 Q888N9	242	256
 Q888V0	1	14
 Q888V0	381	404
 Q889L8	1	98
 Q88A39	1	54
 Q88A39	136	174
 Q88AB6	135	148
 Q88B89	1	35
 Q88B89	360	376
 Q88BL3	1	42
 Q88BL3	103	324
 Q88BL3	386	404
 Q87UD6	89	207
 Q87UN0	235	264
 Q87UP4	197	220
 Q87UX0	1	17
 Q87UZ0	474	486
 Q87V61	119	141
 Q87VB7	1	27
 Q87VC0	106	138
 Q87VX9	144	166
 Q87W30	115	129
 Q87W30	462	474
 Q87W87	1	70
 Q87W87	112	265
 Q87W98	1	16
 Q87WI7	1	25
 Q87WY4	382	404
 Q87XZ5	1	48
 Q87YE7	1	25
 Q880T9	1	14
 Q881E4	457	493
 Q881X6	1	49
 Q881X6	116	145
 Q881Y2	1	21
 Q882M6	1794	1827
 Q883C2	1	26
 Q883N6	1	23
 Q884S6	1	63
 Q884S6	156	178
 Q884X6	1	55
 Q884X6	241	272
 Q885P1	1	20
 Q886C2	167	466
 Q886F7	1	66
 Q886J8	1	92
 Q887C3	1	36
 Q887F3	1	24
 Q887F8	1	19
 Q887Q2	1	53
 Q887Q2	92	113
 Q887S9	1	34
 Q888H8	1	18
 Q888M4	1	135
 Q888Z7	1	21
 Q889D8	143	171
 Q889F9	1	24
 Q889K1	275	298
 Q889L6	1	32
 Q889L6	151	171
 Q889L6	559	575
 Q88A17	609	714
 Q88AD8	184	332
 Q88BJ2	1	15
 Q88BP4	1	116
 Q88BQ7	1	18
 P59572	1	62
 Q87TR9	114	133
 Q87U04	1	18
 Q87U04	57	73
 Q87U78	1	18
 Q87U87	131	143
 Q87UD5	1	100
 Q87UR1	1	20
 Q87V29	1	27
 Q87V49	1	13
 Q87VE3	1	93
 Q87VE3	177	214
 Q87VG3	1	35
 Q87VK5	283	298
 Q87WC2	1	22
 Q87WC8	1	125
 Q87WJ6	1	14
 Q87XH2	1	21
 Q87YB2	1	20
 Q87YP8	500	512
 Q87YR3	1	31
 Q87YT5	1302	1329
 Q87Z02	1	143
 Q87ZU1	1	15
 Q87ZW3	72	122
 Q880M8	558	604
 Q881G7	501	519
 Q881L6	103	233
 Q882M9	1	14
 Q882Q1	1	17
 Q883A2	1	41
 Q883C8	1	16
 Q883Y3	63	114
 Q884B5	1	52
 Q884E3	1448	1466
 Q884H9	1	36
 Q884I8	419	432
 Q885L1	1	15
 Q885T1	527	563
 Q886K0	1	15
 Q886Z7	1	16
 Q888K4	1	39
 Q889P8	1	30
 Q88AB0	1	19
 Q88AJ7	1	30
 Q88AQ6	1	25
 Q88AT2	1	13
 Q88AZ7	1	17
 Q88BB6	419	433
 Q88BQ0	1	26
 Q88BR0	1	28
 Q88BR0	367	437
 Q7C4I5	1	223
 Q87U27	1	31
 Q87V38	371	390
 Q87W28	1	13
 Q87WX4	1	29
 Q87X21	1	26
 Q87X38	1	27
 Q87X47	1238	1270
 Q87XS0	717	756
 Q87XV7	331	355
 Q87YG3	1	14
 Q87YG3	135	175
 Q87YL4	1	24
 Q87YL4	109	240
 Q87YT7	1	17
 Q87ZH6	1	31
 Q87ZH6	69	91
 Q87ZS6	1	20
 Q882H8	1	74
 Q882H8	224	320
 Q883D0	1	19
 Q883E2	1	14
 Q883E2	578	639
 Q883X0	1	29
 Q884Z5	1	25
 Q884Z5	105	142
 Q885D1	1	37
 Q885D1	918	951
 Q885X4	1	39
 Q886Z1	1	31
 Q886Z1	135	251
 Q887F1	1	33
 Q887F6	1	60
 Q887G9	1	31
 Q888K5	1	170
 Q889B5	102	138
 Q889S5	1	192
 Q889U2	1	14
 Q889W5	211	228
 Q88A48	278	300
 Q88AG4	1	24
 Q88BM2	375	776
 Q88BM2	907	1063
 Q88BM2	1219	1246
 Q88BM2	1364	1389
 D3NQ18	1	13
 D3NQ28	1	20
 P0A163	1	64
 Q87U18	1	21
 Q87UT9	1	37
 Q87UT9	123	156
 Q87UZ7	1	18
 Q87W97	1	82
 Q87WW2	102	147
 Q87XC4	586	607
 Q87XQ4	1	39
 Q87XZ0	1	22
 Q87YI8	1	14
 Q87ZV4	1	35
 Q87ZV4	478	492
 Q87ZV4	891	913
 Q880J1	1	45
 Q880Y8	1	28
 Q881N3	127	165
 Q881N3	406	434
 Q881N9	1	20
 Q881V3	1	13
 Q882T4	616	680
 Q886B1	1	28
 Q886B1	813	835
 Q886T1	263	323
 Q886T1	406	426
 Q887P1	1	27
 Q888H3	1	23
 Q889U8	117	129
 Q88A36	1	57
 Q88AA5	1	16
 Q88AG0	176	211
 Q88AZ1	1	56
 Q88B20	1	25
 G3XDC9	1	198
 Q87US7	417	436
 Q87VB8	1	13
 Q87VB8	377	470
 Q87VB8	549	568
 Q87VB8	611	624
 Q87VH4	1	14
 Q87VS9	1	24
 Q87VS9	221	250
 Q87WH1	36	68
 Q87WJ0	1	68
 Q87WV3	1	42
 Q87X09	1	16
 Q87XA5	1	43
 Q87XA5	399	414
 Q87XV5	1	27
 Q87XY4	1	36
 Q87XY4	92	113
 Q87YP5	193	207
 Q87YY5	1	139
 Q87ZA4	125	143
 Q87ZK9	90	128
 Q87ZN0	1	13
 Q87ZW5	1	87
 Q87ZW5	355	466
 Q87ZW5	523	545
 Q87ZW5	651	664
 Q87ZW5	750	763
 Q87ZW6	1	19
 Q880X2	1	93
 Q881C0	1	14
 Q881W8	1	20
 Q881Z8	1	21
 Q883N2	73	104
 Q884K5	131	175
 Q885B0	1	48
 Q886A4	1	18
 Q886E3	1	24
 Q887T8	1	40
 Q888U4	1	69
 Q889C8	1	13
 Q889S3	1	93
 Q889S3	485	501
 Q889S3	720	767
 Q889S7	1	70
 Q88AI5	1	26
 Q88AM2	1	18
 Q88BL6	1	35
 Q87UK5	1	13
 Q87UK5	54	70
 Q87UM9	1	14
 Q87UR0	1	37
 Q87V19	1	32
 Q87W22	1	73
 Q87WH7	1	36
 Q87XP0	1	19
 Q87Y87	150	165
 Q87YI4	1	136
 Q87ZA7	1	24
 Q87ZC1	220	238
 Q87ZX8	1	82
 Q881I5	1	37
 Q881P1	1	104
 Q882I6	1	35
 Q885A3	48	135
 Q885I1	1	53
 Q885I1	108	178
 Q885I1	461	479
 Q885I1	788	804
 Q886K5	407	436
 Q887Z3	1	36
 Q888J5	1	33
 Q888V5	165	179
 Q888Y8	1	45
 Q888Y8	126	207
 Q889D6	1	16
 Q889M6	1	14
 Q88AL9	443	458
 Q88BF0	1	154
 Q88BM5	1	69
 Q88BS4	1	93
 Q87UV4	1	21
 Q87V17	1	32
 Q87VJ6	1	72
 Q87VJ6	349	395
 Q87VK3	102	141
 Q87VQ3	1	82
 Q87VQ3	124	144
 Q87VQ8	1	40
 Q87W78	1	15
 Q87WR1	1	22
 Q87WR1	347	383
 Q87WR1	576	599
 Q87WX9	561	575
 Q87X02	1	52
 Q87X44	1	71
 Q87YH8	1	13
 Q87YX1	1	21
 Q87ZG7	1	33
 Q87ZM0	160	175
 Q880F2	1	23
 Q880M1	190	208
 Q880X3	1	26
 Q881A9	1	27
 Q881E3	210	224
 Q881E3	475	561
 Q881E8	1	22
 Q881K9	132	154
 Q881K9	191	204
 Q881K9	409	423
 Q881X0	1	13
 Q882D8	1	20
 Q882D8	61	80
 Q882I3	1	43
 Q882T7	1	40
 Q882T7	865	877
 Q882T7	919	960
 Q882V4	1	27
 Q882V4	291	312
 Q883Z2	1	16
 Q884J9	1	63
 Q884J9	842	938
 Q884W6	1	64
 Q884Z8	1	47
 Q886G3	342	358
 Q886K9	1	51
 Q887R0	904	922
 Q888D1	1	24
 Q888D1	729	842
 Q888H0	1	33
 Q888V8	139	170
 Q889E7	1	32
 Q88AD5	1	19
 Q88AY4	1	71
 Q88BB3	1	34
 Q88BI6	1	13
 Q88BU0	1	33
 Q88BU0	619	651
 G3XDC1	136	164
 Q877L2	1	36
 Q87TS0	1	81
 Q87U02	276	288
 Q87UU5	1	18
 Q87V11	1	18
 Q87V96	1	33
 Q87W61	1	15
 Q87WU9	1	25
 Q87WU9	199	216
 Q87WW8	1	14
 Q87X42	1	18
 Q87XM5	1	14
 Q87XR3	1	23
 Q87Y39	64	263
 Q87YH0	337	379
 Q87YN1	219	348
 Q87YN1	387	471
 Q87YN1	529	551
 Q87YR7	267	283
 Q87YR7	406	427
 Q87YS1	1	17
 Q87Z56	1	13
 Q87Z61	1	32
 Q87ZE1	1	16
 Q87ZQ2	166	182
 Q881H9	231	246
 Q882L8	1	37
 Q882R3	1	13
 Q882X6	1	15
 Q884D2	1	32
 Q884P7	1	29
 Q884S5	1	15
 Q885R8	44	134
 Q885U9	1	23
 Q885U9	161	175
 Q886D0	1	35
 Q889A4	1	42
 Q889T1	1	49
 Q88AL4	1	85
 Q88B84	1	28
 Q88B98	1	16
 Q87UY7	1	91
 Q87V77	240	262
 Q87VB5	1	36
 Q87VB5	1093	1134
 Q87VK8	673	771
 Q87W38	826	840
 Q87W77	1	63
 Q87W77	128	213
 Q87W80	1	58
 Q87WB5	674	691
 Q87WG3	1	22
 Q87WP1	70	121
 Q87WZ3	849	913
 Q87X04	1	18
 Q87X04	189	251
 Q87X04	361	423
 Q87X04	475	523
 Q87X11	127	164
 Q87Y05	67	82
 Q87Y70	101	118
 Q87Z12	1	21
 Q87ZJ9	95	107
 Q880Q5	1	37
 Q880Q5	386	414
 Q880Q7	196	214
 Q881P3	149	180
 Q882S1	384	406
 Q882Y3	1	22
 Q883Q4	1	82
 Q884M7	248	276
 Q886L3	1	45
 Q886L3	101	167
 Q887H3	1	17
 Q888J4	758	858
 Q888J4	920	942
 Q888U5	1	43
 Q88AB2	712	725
 Q88AD9	1	239
 Q88AZ6	99	135
 Q88BK1	1	16
 Q88BQ4	671	703
 Q88BW0	1	14
 Q88BW0	456	471
 Q87TY3	1	39
 Q87V87	1	24
 Q87VH7	1	30
 Q87VH7	194	231
 Q87VM9	376	389
 Q87VM9	669	688
 Q87VP7	1	37
 Q87WK0	66	79
 Q87X46	1	27
 Q87YL8	1	15
 Q87Z69	1	33
 Q87Z94	295	337
 Q87ZA1	344	356
 Q87ZP5	461	482
 Q87ZT9	1	19
 Q87ZT9	246	259
 Q880I6	1	24
 Q880Z7	1	80
 Q882L3	1	39
 Q883P9	331	368
 Q883P9	842	857
 Q883W8	1	33
 Q883X3	650	667
 Q885A1	1	29
 Q885A1	102	122
 Q885F5	1	16
 Q885F8	1	17
 Q885G2	1	31
 Q886D2	1	60
 Q886I7	1	48
 Q886R6	1	68
 Q888E2	88	104
 Q888M7	319	333
 Q888M7	408	425
 Q889F8	1	44
 Q889L1	1	19
 Q889S0	1	18
 Q889X9	1	52
 Q88A95	1	21
 Q88AW6	1	39
 Q88AW6	626	638
 Q88AX3	150	218
 Q88AY7	1	137
 Q88BS0	1	35
 D3NQ17	77	95
 Q1XFZ8	45	74
 Q87TV8	1	20
 Q87TW7	1	41
 Q87UN6	1	24
 Q87UR2	148	191
 Q87VI5	228	254
 Q87VT5	71	92
 Q87VT5	331	357
 Q87VU6	1	25
 Q87W05	1	23
 Q87WX1	1	35
 Q87WY8	1	36
 Q87XI9	1	24
 Q87Y25	1	21
 Q87YN3	1	57
 Q87YN3	289	301
 Q87ZA6	1	19
 Q87ZR1	1	26
 Q880I1	1	92
 Q880J9	1	54
 Q880Z0	1	19
 Q881M7	315	331
 Q881Q5	168	191
 Q881X7	1023	1035
 Q881X8	1	74
 Q881X8	408	444
 Q882E7	1	31
 Q882N3	1	41
 Q882N3	370	386
 Q882N7	1	30
 Q882X5	1	41
 Q884L1	1	47
 Q885C2	1	14
 Q885Z5	154	201
 Q886Q2	259	276
 Q886Q7	1	28
 Q886Q7	818	833
 Q886W4	1	54
 Q887D4	1	13
 Q887H5	1	51
 Q888P8	1	15
 Q888Z9	1	16
 Q888Z9	107	166
 Q888Z9	293	307
 Q889D0	1016	1036
 Q889J8	1	18
 Q88A71	1	24
 Q88BJ7	281	294
 Q88BT3	1	46
 O52376	1	28
 Q87UJ5	275	293
 Q87UQ1	1	27
 Q87WE4	807	819
 Q87WQ9	1	39
 Q87WS2	1	49
 Q87WS2	265	359
 Q87XN0	549	569
 Q87XY3	1	63
 Q87XY3	830	942
 Q87YZ1	1	31
 Q87YZ7	1	13
 Q87Z32	1	25
 Q87ZN4	216	246
 Q87ZN4	316	347
 Q87ZU3	1	26
 Q87ZX6	1	30
 Q87ZX6	295	311
 Q880E2	1	56
 Q880N9	1	57
 Q880V1	1	14
 Q881M4	1	33
 Q882R2	1	19
 Q884I1	1	13
 Q884U4	1	70
 Q885Q7	1	59
 Q886H2	1	106
 Q886N8	231	243
 Q886Y0	1	19
 Q887Q5	1	31
 Q887Q5	364	378
 Q887U9	174	190
 Q887W3	1	75
 Q888X2	1	25
 Q888X2	576	639
 Q888Z4	1	39
 Q888Z4	98	121
 Q889E8	1	19
 Q88A12	141	155
 Q88B65	1	18
 Q88BM1	1	15
 Q88BM7	1	16
 Q88BN5	1	132
 B1GRJ9	1	15
 B1GRJ9	260	408
 P59571	1	38
 P59571	347	439
 Q877T0	1	40
 Q87TU0	1	15
 Q87U92	533	553
 Q87U92	626	678
 Q87V12	1	29
 Q87V24	467	504
 Q87VG0	1	109
 Q87VG0	277	328
 Q87VG0	465	479
 Q87VN3	48	77
 Q87WB0	1	14
 Q87WF5	110	129
 Q87WN6	1	14
 Q87WN6	118	173
 Q87YB6	1	30
 Q87YB6	634	693
 Q87YP7	1	23
 Q87ZB5	37	67
 Q87ZB5	275	291
 Q87ZB5	643	657
 Q87ZL1	73	91
 Q87ZM9	1	57
 Q87ZU4	324	344
 Q87ZU4	556	599
 Q87ZU6	1	25
 Q87ZU6	66	97
 Q880Z8	1	22
 Q881N6	1	21
 Q882H2	94	107
 Q882Z0	47	242
 Q884X8	1	21
 Q884X8	293	401
 Q884X8	514	594
 Q885Q6	442	485
 Q886I3	1	63
 Q886J0	1	21
 Q886T4	1	13
 Q886T4	1613	1706
 Q886V6	1	19
 Q888A9	470	482
 Q888J8	1	74
 Q888Q1	962	982
 Q888R7	1	16
 Q888R7	235	249
 Q888R7	609	633
 Q888Y6	1	20
 Q889U0	1	85
 Q889U0	182	196
 Q88BM0	1	78
 Q88BM0	149	161
 Q52473	1	113
 Q87UH7	1	15
 Q87WA5	1	21
 Q87WE1	1	21
 Q87WL1	268	285
 Q87WN9	1	18
 Q87WN9	168	187
 Q87X59	105	122
 Q87XE6	1	29
 Q87XW5	87	107
 Q87XX1	1	32
 Q87XX5	107	132
 Q87Y10	1	13
 Q87Y23	1	30
 Q87YS9	232	253
 Q87ZY4	1	17
 Q880A1	1	110
 Q880F4	1	21
 Q880W9	108	122
 Q880X7	542	560
 Q880Y5	1	48
 Q882K0	1	28
 Q883L7	1	15
 Q884A9	1	24
 Q884C9	598	618
 Q884I7	1	31
 Q884V5	180	228
 Q885S4	1	44
 Q885V6	46	60
 Q886H8	1	35
 Q887H7	1	95
 Q887Q7	374	391
 Q887R9	1	28
 Q887U0	389	416
 Q887X1	1	24
 Q887Y0	1	52
 Q888J9	1	39
 Q888J9	387	399
 Q889A0	1	59
 Q889A0	138	236
 Q889A0	335	361
 Q889R6	1	41
 Q889R6	115	137
 Q889X7	1373	1399
 Q88A93	1	98
 Q88AG3	1	215
 Q88AM0	1	24
 Q88B07	1	48
 Q88BE9	1	60
 Q87TR8	1	44
 Q87U63	1	26
 Q87U76	1	20
 Q87U89	1	21
 Q87U95	1	127
 Q87U97	1	168
 Q87UJ1	1	22
 Q87VM4	1	25
 Q87W56	496	508
 Q87W76	279	345
 Q87X91	1	120
 Q87XD5	764	806
 Q87XJ0	1	26
 Q87XQ3	1	25
 Q87YK8	1	18
 Q87Z11	1	81
 Q87Z11	118	135
 Q87ZN2	1	16
 Q87ZN2	93	110
 Q880G3	501	518
 Q880H7	1	81
 Q880V6	1	23
 Q881U4	1	37
 Q881Y5	1	33
 Q882C8	1	115
 Q883C3	1	15
 Q883Q5	168	199
 Q884S4	1	14
 Q884Y5	1	53
 Q885Q3	254	295
 Q885V8	1	47
 Q886T2	1	14
 Q887K8	1	46
 Q887T4	92	110
 Q888P0	1	21
 Q88AZ9	289	301
 Q88B15	427	445
 Q88BN9	1	34
 Q88BN9	618	650
 D3NQ24	1	155
 G3XDC8	1	25
 Q877S6	61	133
 Q87TX5	1	21
 Q87U44	1	25
 Q87UD0	102	114
 Q87UF3	218	231
 Q87UF3	301	318
 Q87UW2	1	25
 Q87V05	57	75
 Q87VG6	1358	1459
 Q87VG6	1650	1669
 Q87VU0	1	44
 Q87VU0	620	637
 Q87VU2	1	22
 Q87WU2	1	30
 Q87WU2	154	182
 Q87Y09	55	76
 Q87Y18	344	362
 Q87Y74	1	47
 Q87YC3	1	22
 Q87ZY3	1	72
 Q880L9	327	339
 Q880S0	292	307
 Q881C8	1	18
 Q881C8	300	321
 Q882P9	1	29
 Q882W9	1	49
 Q883E8	1	19
 Q883Q1	1	29
 Q884B2	119	137
 Q885B2	1	15
 Q885K8	1	28
 Q885W2	1	23
 Q885Y5	1	55
 Q886S0	1	73
 Q886W3	171	183
 Q886W7	1	28
 Q886W7	460	497
 Q887A9	1	20
 Q887V9	378	403
 Q887W0	1	25
 Q888A6	1	40
 Q888B3	213	227
 Q889Z8	1	40
 Q88B17	1	46
 Q88B76	81	95
 Q88BS9	1	19
 G3XDD5	1	97
 Q87U55	1	31
 Q87UF8	1	20
 Q87WF0	1	18
 Q87XN3	1	72
 Q87XP8	1	34
 Q87Y62	70	85
 Q87Y90	1	18
 Q87YI9	1	19
 Q87YI9	181	274
 Q87YR4	1	38
 Q87YU1	1	15
 Q87YU5	1	38
 Q87ZY9	1	14
 Q880A3	1	26
 Q882I9	1	28
 Q882N4	1031	1047
 Q882S6	178	203
 Q883M4	1	89
 Q883M4	134	155
 Q883W6	1	193
 Q883W6	726	982
 Q884J2	1	20
 Q884P6	1	43
 Q884V9	78	133
 Q885H3	138	163
 Q887P6	258	277
 Q887T6	143	162
 Q887X4	1	17
 Q888J0	1	16
 Q888K8	1	32
 Q889H0	1	90
 Q889W9	65	99
 Q88AE1	1	17
 Q88AE1	93	108
 Q88AI1	1	50
 Q88AK1	1	24
 Q88B86	1	50
 Q87TU6	1	19
 Q87UE3	1	13
 Q87UQ8	1	14
 Q87VA3	1	13
 Q87VA3	55	159
 Q87VS1	325	337
 Q87VU4	1	70
 Q87WL0	320	334
 Q87WM8	1733	1753
 Q87X76	284	304
 Q87XY0	1	52
 Q87XZ1	1	16
 Q87YB5	238	283
 Q87Z78	1	16
 Q87Z99	1	42
 Q87ZB0	1	51
 Q87ZF0	1	31
 Q87ZF0	344	356
 Q87ZF6	368	389
 Q87ZF6	540	558
 Q87ZG0	1	17
 Q87ZG4	228	299
 Q87ZM3	1	27
 Q87ZN1	1	14
 Q87ZN1	540	916
 Q87ZX1	1	27
 Q880A8	1	23
 Q880C9	1	35
 Q880D7	1	26
 Q881L9	233	509
 Q882A7	1	13
 Q882H7	1	53
 Q882R8	1	14
 Q883J9	1	122
 Q883J9	329	342
 Q883M9	106	190
 Q883M9	400	596
 Q883Y5	51	148
 Q884B3	1	19
 Q884D5	1	45
 Q884D5	113	135
 Q885E0	1	20
 Q885L9	1	13
 Q886Z2	1	27
 Q887E7	475	551
 Q887E7	1719	1748
 Q887T7	1	45
 Q888K1	1	61
 Q888K1	158	182
 Q888S7	210	225
 Q88A24	1	55
 Q88A24	141	156
 Q88AC5	1	51
 Q88AF2	311	330
 Q88BL1	677	714
 G3XDB3	1	138
 G3XDB3	274	344
 G3XDB3	559	780
 Q877M5	1	39
 Q877R8	1	90
 Q87VA9	598	622
 Q87WK1	44	66
 Q87XF5	60	196
 Q87YH7	1	26
 Q87Z29	1	21
 Q87Z42	1	18
 Q880K4	1	61
 Q880Y3	1	13
 Q881L2	313	327
 Q881Q2	1	28
 Q882D6	1	59
 Q883V9	1465	1562
 Q884D9	1	24
 Q884U0	1	15
 Q884U0	807	823
 Q885E4	442	496
 Q885M6	1	57
 Q885T6	648	676
 Q885T6	876	928
 Q886A0	1	41
 Q887D3	1	18
 Q888F5	301	316
 Q888L0	1	26
 Q889A1	1	56
 Q889S6	1	230
 Q889Z5	83	119
 Q889Z5	279	310
 Q88AI0	1	14
 Q88AJ3	654	669
 Q88AK8	1	26
 Q88B25	1	29
 Q88BC9	1	44
 D3NQ23	1	169
 Q1XFZ9	1	36
 Q877J2	1	47
 Q87UI1	1	22
 Q87V95	1	91
 Q87VL7	1	24
 Q87VW2	1	30
 Q87WW0	286	305
 Q87X03	124	179
 Q87X03	287	355
 Q87X03	402	455
 Q87X26	1	32
 Q87XK0	1	20
 Q87Y48	1	66
 Q87YK9	1	15
 Q87YK9	154	235
 Q87YL7	1	36
 Q87Z82	1	23
 Q87Z82	347	366
 Q87ZI6	1	14
 Q87ZI6	493	522
 Q87ZW2	164	185
 Q87ZW2	333	354
 Q880F6	1	41
 Q880P0	1	16
 Q881L7	668	716
 Q881L8	363	377
 Q881M1	1	15
 Q881Z6	1	29
 Q882J1	1	25
 Q882U1	1	39
 Q882V7	1	27
 Q883G3	1	15
 Q884G1	1	27
 Q884G7	1	18
 Q886E8	369	398
 Q886H1	1	26
 Q886N5	1	22
 Q886N5	659	684
 Q886N5	780	795
 Q886X8	1	23
 Q888I3	1	18
 Q888M6	1	107
 Q888Q3	1	32
 Q888Q3	122	140
 Q888Q3	433	467
 Q88A14	1	64
 Q88A14	124	229
 Q88A44	1	17
 Q88AU9	1	70
 Q88BV6	1	17
 Q88BW5	1	47
 Q88BW5	252	287
 D3NQ16	1	14
 Q877T3	57	106
 Q87U51	293	310
 Q87U91	1	34
 Q87UU6	1	14
 Q87VY3	1	22
 Q87WJ8	208	233
 Q87WJ8	440	461
 Q87XI6	1	44
 Q87XI6	187	199
 Q87XW9	1	64
 Q87Y27	52	68
 Q87Y78	1	19
 Q87YN4	1	14
 Q880K0	138	155
 Q880M4	1	25
 Q881I3	418	447
 Q881N5	1	87
 Q882B7	1	15
 Q882B7	299	315
 Q882B7	726	759
 Q882S5	1	46
 Q883I7	312	338
 Q884D1	1	164
 Q884K2	1	60
 Q884Q1	1	32
 Q885H6	1	43
 Q885P6	222	256
 Q886I9	1	86
 Q886Q9	1	32
 Q886R3	59	172
 Q886U4	1	41
 Q887U3	1	25
 Q887U3	412	432
 Q887Y6	1	30
 Q888P3	1	35
 Q888R0	107	123
 Q888R0	218	242
 Q888Y4	1	15
 Q889C4	1	22
 Q889C4	281	338
 Q889D5	1	35
 Q88A33	1	13
 Q88AQ5	1	74
 Q87TW0	1	99
 Q87UI3	253	270
 Q87UT0	1	22
 Q87UV1	1011	1033
 Q87VA8	624	680
 Q87VK1	749	877
 Q87VS2	63	287
 Q87VU3	1	13
 Q87W18	154	167
 Q87W18	411	444
 Q87W18	555	673
 Q87WB9	1	23
 Q87X20	1	75
 Q87X65	1	23
 Q87XX7	1	28
 Q87YQ1	1	25
 Q87YQ9	1	26
 Q87YV0	1	64
 Q87Z36	1	14
 Q87ZD8	1	122
 Q87ZF8	954	972
 Q880E1	1	55
 Q880E1	4314	4353
 Q880E1	4465	4837
 Q880E1	5048	5206
 Q880E1	5247	5491
 Q880E1	6084	6098
 Q880E1	6142	6274
 Q880Q3	1	26
 Q880Y6	1	27
 Q881A2	1	14
 Q881B8	1	13
 Q881G9	1	53
 Q883A8	1	13
 Q883C5	1	41
 Q883E6	1	30
 Q883T0	1	25
 Q883U5	56	109
 Q884L7	1	21
 Q884W7	1	28
 Q884X9	1	35
 Q885F9	1	13
 Q885V4	1	50
 Q885W0	1	16
 Q886S1	1	32
 Q886S1	231	260
 Q887H8	1	48
 Q887Q8	1	39
 Q888F9	1	31
 Q888W4	1	93
 Q88A51	1	112
 Q88BS6	585	636
 Q88BS6	753	939
 Q88BS6	1075	1231
 Q88BS6	1387	1414
 Q88BS6	1531	1557
 Q88BV5	69	153
 Q87UG6	1	40
 Q87UV0	1	24
 Q87UV0	342	356
 Q87VY2	90	108
 Q87WN1	134	160
 Q87XP2	321	348
 Q87YI2	1	13
 Q87YS0	1	50
 Q87YZ3	362	618
 Q87YZ3	690	743
 Q87ZQ8	1	17
 Q880A4	1	29
 Q880I8	1	87
 Q880K5	241	261
 Q880U8	1	33
 Q880V2	1	17
 Q882P0	1	25
 Q882U7	1	15
 Q882W1	430	446
 Q882W1	549	566
 Q883A9	1	33
 Q883B2	1	38
 Q883I0	1	29
 Q883U6	1	25
 Q883V4	1	17
 Q883W0	1	38
 Q884C4	1	27
 Q884L2	1	14
 Q884T8	1	22
 Q884T8	250	265
 Q885J3	1	13
 Q885R5	1	26
 Q886C4	87	158
 Q886C6	485	517
 Q886D3	1	26
 Q886D3	133	249
 Q886D3	302	417
 Q886D3	502	680
 Q886F5	537	552
 Q886F9	1	36
 Q887D0	1	58
 Q887D0	558	573
 Q887F4	1	70
 Q887Y1	1	30
 Q888M2	1	15
 Q888M2	330	353
 Q888X0	1	21
 Q88AL7	1	60
 Q88AT4	1	58
 Q88B97	343	395
 Q88BC2	1	56
 Q88BE6	1	23
 Q88BE6	111	130
 Q88BI1	1	15
 Q88BL2	1	33
 D2N0Y5	1	96
 P0A132	1	18
 Q1HA46	699	713
 Q87U70	49	422
 Q87U70	1415	1450
 Q87U70	1553	1572
 Q87UL5	1	17
 Q87VV1	1	151
 Q87WD9	1	32
 Q87WL8	1	14
 Q87WP8	125	137
 Q87WP8	521	543
 Q87WP8	591	634
 Q87X92	1	26
 Q87XF0	301	315
 Q87XU4	1	69
 Q87XU4	166	226
 Q87XU4	1098	1140
 Q87YL2	1	27
 Q87YT9	1	38
 Q87YT9	374	387
 Q87YZ4	89	108
 Q87ZN7	84	109
 Q880C3	1	29
 Q880U2	306	321
 Q880Z3	1	24
 Q881R5	441	463
 Q881X3	1	60
 Q882Z1	1	194
 Q883I8	1	15
 Q883J2	1	14
 Q883S8	1	22
 Q884G8	1	121
 Q884L8	1	27
 Q884Q7	1	59
 Q887H9	1	18
 Q887J5	1	44
 Q887K0	1	25
 Q887N1	1	20
 Q887T5	1	30
 Q88B78	1	20
 Q88B78	238	267
 Q88BD0	1	25
 Q1XFZ5	1	41
 Q87TS8	1	38
 Q87U20	1	31
 Q87U34	1	23
 Q87U34	1059	1105
 Q87U93	1	28
 Q87UA7	1	19
 Q87UA7	589	602
 Q87UH6	1	27
 Q87UT7	1	39
 Q87UV9	1	17
 Q87X99	180	205
 Q87XH1	1	21
 Q87XS1	1	15
 Q87XS1	462	479
 Q87XW6	794	855
 Q87YB3	1	52
 Q87YT8	518	542
 Q87Z59	1	29
 Q87Z59	294	314
 Q87ZS5	266	297
 Q87ZS5	713	738
 Q87ZS5	782	801
 Q880B6	1	74
 Q880I3	67	105
 Q881D5	533	551
 Q881F1	1	34
 Q881W9	1	59
 Q881W9	515	606
 Q882Y8	1	41
 Q883I3	1	110
 Q884L5	130	182
 Q884Y0	376	417
 Q885N1	1	17
 Q885P3	1	27
 Q886G0	1	71
 Q888C4	1	27
 Q888K0	1	47
 Q888K0	215	237
 Q888K0	406	422
 Q888L4	1	37
 Q888R2	369	409
 Q888S5	165	197
 Q88A62	1	93
 Q88A62	395	413
 Q88AA1	1	66
 Q88AT3	414	462
 Q88AV0	1	65
 Q88BF4	1	68
 Q88BF4	118	132
 G3XDB7	1	43
 G3XDB7	360	495
 Q87U19	1	51
 Q87U84	1	54
 Q87US6	194	220
 Q87UY6	81	153
 Q87V16	257	451
 Q87VS8	1	90
 Q87W11	300	346
 Q87W81	1	82
 Q87X14	528	547
 Q87X85	1	35
 Q87X85	358	386
 Q87XX2	69	95
 Q87XX2	241	288
 Q87Y86	1	126
 Q87Z71	1	25
 Q87Z84	1	47
 Q880G6	1	15
 Q881B1	1	34
 Q881R9	1	23
 Q882M3	1	15
 Q882T9	173	191
 Q883B1	294	320
 Q883B1	439	508
 Q883T8	111	135
 Q884Q2	1	58
 Q885H8	1	42
 Q885L5	1	14
 Q885L6	1	70
 Q886G8	1	37
 Q886T3	281	304
 Q887I1	1	22
 Q887Z8	1	38
 Q888U1	1	52
 Q889C9	1	27
 Q889U9	93	118
 Q88AF4	1	22
 Q88B26	1	18
 Q88B93	1	20
 Q88BD3	137	151
 Q88BJ6	375	390
 Q87TY8	1	53
 Q87U47	1	21
 Q87UU0	1	79
 Q87V43	1	18
 Q87VG2	1	17
 Q87VJ2	351	449
 Q87VZ2	1	443
 Q87WN3	1	18
 Q87WX0	103	137
 Q87XM7	1	21
 Q87Y33	156	176
 Q87YA6	1	20
 Q87YB1	1	50
 Q87YB1	230	257
 Q87YK5	62	86
 Q87YU9	1	95
 Q87Z05	254	267
 Q87Z30	192	206
 Q87Z57	1	72
 Q880B1	1	13
 Q881H3	1	26
 Q881I1	1	23
 Q881P2	1	154
 Q881T2	1	44
 Q882S2	1	53
 Q882S2	277	290
 Q883Z0	1	86
 Q884A4	1	85
 Q884A8	1	24
 Q884Q8	1	28
 Q885D9	168	181
 Q887K9	1	60
 Q887U1	655	713
 Q888R6	1	14
 Q888V9	1	92
 Q889R9	1	66
 Q889Y9	1	33
 Q88A88	350	392
 Q88AK9	1	43
 Q88AK9	91	136
 Q88AN2	1	81
 Q88AS8	1	21
 Q88BH2	86	128
 Q88BJ0	1	17
 Q88BJ0	72	155
 Q88BV9	1	19
 D3NQ21	1	33
 D3NQ21	138	177
 Q87TX3	1	26
 Q87TZ0	1	23
 Q87UD8	1	24
 Q87UH3	1	18
 Q87UH8	1	23
 Q87UJ4	1	16
 Q87UL6	131	148
 Q87UP5	1	15
 Q87UW4	1	14
 Q87UZ8	273	285
 Q87VU9	164	179
 Q87VX4	1	39
 Q87WC6	259	291
 Q87XR8	1	23
 Q87YI0	1	43
 Q87YI0	134	192
 Q87YI0	275	329
 Q87YI0	377	459
 Q87YI0	501	551
 Q87YI0	625	947
 Q87YS5	1	25
 Q87YS5	598	618
 Q87ZW4	1	78
 Q87ZW4	159	175
 Q880K8	1	38
 Q880K8	100	113
 Q880Z2	504	528
 Q882M1	1	38
 Q882M4	1	19
 Q882M4	1924	1952
 Q882M4	2018	2057
 Q882U2	1	42
 Q883G9	277	306
 Q883U9	1	21
 Q883U9	198	233
 Q883V5	1	26
 Q883W7	1	20
 Q884B4	1	19
 Q884D7	1	28
 Q884Q0	1	19
 Q884Q0	87	105
 Q884Z4	1	19
 Q884Z4	296	311
 Q885D0	1	79
 Q887B2	1	31
 Q887I3	1	29
 Q887M2	1	80
 Q887S6	1	20
 Q888I1	1	18
 Q889L0	1	154
 Q889N5	1	22
 Q889U3	1	21
 Q88AC7	1	14
 Q88AM8	1	47
 Q88AM8	592	606
 Q88AW4	1	60
 Q88AW7	47	66
 Q88B68	1	18
 Q88BG3	1	34
 Q88BG6	282	304
 Q88BK8	1	163
 Q88BR6	385	400
 P61114	1	38
 Q87TS2	238	260
 Q87TY4	1	18
 Q87UJ0	1	23
 Q87VF9	430	447
 Q87VM3	1	19
 Q87W90	371	442
 Q87WR0	1	25
 Q87XV8	1	28
 Q87Y17	1	18
 Q87Y91	112	158
 Q87Z33	1	67
 Q87Z33	220	258
 Q87Z33	305	323
 Q87Z70	1	21
 Q87Z80	1	13
 Q87ZE7	452	554
 Q87ZE7	610	640
 Q87ZV3	1	24
 Q880J8	1	20
 Q881J4	1	17
 Q881P4	1	63
 Q881P4	101	127
 Q881R6	1	61
 Q881U5	1	18
 Q882D5	1	35
 Q882Y6	1	34
 Q882Z2	407	426
 Q883S7	1	57
 Q884T1	1	65
 Q885F0	100	112
 Q885G3	1	19
 Q885K6	1	21
 Q886H9	1	25
 Q886W9	1	29
 Q886X0	1	19
 Q886X0	745	758
 Q887I4	59	72
 Q887I4	1020	1034
 Q887M4	1	34
 Q887Z1	1	17
 Q888K2	483	534
 Q88AM3	406	419
 G3XDB5	1	138
 G3XDD1	1	37
 G3XDD3	1	50
 G3XDD3	225	258
 Q87UC2	1	27
 Q87UH0	1	18
 Q87UH0	259	312
 Q87UM5	1	26
 Q87UU4	1	17
 Q87VG1	1	22
 Q87VS5	1	73
 Q87W31	1	15
 Q87W31	194	212
 Q87XV6	37	54
 Q87YB0	1	19
 Q87YH6	201	219
 Q87Z25	1	52
 Q87ZJ3	1	19
 Q881J9	1	23
 Q881J9	776	801
 Q881K8	1	32
 Q881T0	1	19
 Q882L7	1	27
 Q882L7	147	162
 Q883H6	53	100
 Q883L5	271	284
 Q883S9	1	37
 Q883X8	1	54
 Q884F8	2988	3009
 Q885V1	1	13
 Q886Y7	1	28
 Q887C7	1	13
 Q887F2	1	36
 Q888H6	303	323
 Q888I8	1	29
 Q888U0	150	178
 Q88AP2	1	25
 Q88BH6	1	14
 Q88BH6	305	322
 Q88BN6	1	15
 Q88BU3	80	92
 Q87TS1	1	78
 Q87U60	1	16
 Q87U60	230	245
 Q87U75	1	15
 Q87U99	1	28
 Q87U99	258	278
 Q87UL7	1	60
 Q87W19	1	33
 Q87WD2	439	452
 Q87WF1	1	117
 Q87X93	1	107
 Q87XD3	1	72
 Q87XF7	1	32
 Q87XF7	79	99
 Q87XU7	1	40
 Q87XU9	362	391
 Q87XY7	330	354
 Q87Y21	1	24
 Q87YL6	1	62
 Q87YL6	421	451
 Q87ZM7	155	180
 Q87ZN9	1	13
 Q87ZZ0	1	26
 Q880F0	1	55
 Q880U6	36	49
 Q881W3	1	25
 Q882C3	1	24
 Q883K7	1	26
 Q883P2	1	65
 Q883Q2	88	102
 Q884E1	1	52
 Q884U1	1	67
 Q884V4	124	364
 Q885X5	1	35
 Q886E5	1	60
 Q886G6	110	126
 Q887T1	44	142
 Q887W7	247	292
 Q888X3	1	76
 Q888Y3	165	192
 Q889U5	1	17
 Q88AB3	162	188
 Q88AT7	301	351
 Q88AV6	1	16
 Q88AV9	1	84
 Q88AW5	1	33
 Q88BN1	1	15
 G3XDC0	1	22
 G3XDD2	1	95
 Q87TX4	1	16
 Q87UR8	1	50
 Q87UU9	1	27
 Q87UU9	359	372
 Q87UX6	81	138
 Q87UX6	920	939
 Q87V02	1	146
 Q87V08	607	695
 Q87V08	744	814
 Q87V70	1	20
 Q87V85	533	554
 Q87VN1	61	133
 Q87VY4	1	51
 Q87W27	1	72
 Q87WJ4	1	36
 Q87XM4	60	91
 Q87XP3	1	33
 Q87Y51	1	73
 Q87Y51	153	198
 Q87YM1	96	108
 Q87YR8	774	798
 Q87ZS2	1	13
 Q87ZT8	1	16
 Q881A5	1	62
 Q881A5	423	452
 Q881D1	366	379
 Q881U3	1	48
 Q881W2	1	35
 Q882C2	1	27
 Q882K2	257	279
 Q883A0	619	661
 Q883X5	38	60
 Q885D8	1	52
 Q885G4	1	17
 Q886C8	1	27
 Q888G2	1	87
 Q888L6	629	671
 Q88A16	219	291
 Q88A64	1	44
 Q88A69	1	13
 Q88A69	54	70
 Q88AC8	1	23
 Q88AG1	1	39
 Q88BG2	347	397
 Q88BI4	1	45
 G3XDC4	1	20
 Q87UB9	1	35
 Q87UE4	1	28
 Q87UY0	1	44
 Q87UY0	518	641
 Q87VX2	1	15
 Q87VX2	186	201
 Q87W14	1	53
 Q87W23	1	44
 Q87WL9	1	33
 Q87WT3	126	153
 Q87XE0	1	22
 Q87XI2	60	112
 Q87XI2	231	246
 Q87XI2	586	600
 Q87XJ1	1	52
 Q87XT3	1	31
 Q87YE8	1	37
 Q87Z22	1	14
 Q87Z22	90	109
 Q87Z22	404	491
 Q87ZH9	1	58
 Q87ZY8	1	13
 Q87ZY8	424	441
 Q881P0	1	34
 Q881V7	1	24
 Q883F4	1	30
 Q883L1	1	14
 Q884T0	1	25
 Q884V1	1	13
 Q884V1	63	98
 Q884V1	251	295
 Q884W8	45	61
 Q885A4	1	52
 Q885I4	1	171
 Q886C9	1	67
 Q886X2	1	17
 Q887G8	1	15
 Q887R4	1	64
 Q887W9	1	21
 Q887Z2	1	21
 Q889Q5	1	25
 Q889W8	1	47
 Q889W8	203	274
 Q889Y5	1	47
 Q88AD2	1	17
 Q88AF1	1	58
 Q88AF1	320	348
 Q88AF1	404	462
 Q88AR6	1	20
 Q88B58	1	130
 Q88BK7	717	762
 Q79LY0	1	160
 Q877T8	1	105
 Q87TS6	1	35
 Q87TV2	318	331
 Q87UV5	1	19
 Q87VW4	1	29
 Q87VY0	322	340
 Q87WA8	1	16
 Q87WE0	1	41
 Q87WE6	1	13
 Q87WL7	1	26
 Q87X56	412	427
 Q87XK7	1	20
 Q87XK7	294	308
 Q87XL1	267	285
 Q87YU7	1	17
 Q87Z35	267	284
 Q87Z68	1	13
 Q880D3	1	200
 Q880E8	1	41
 Q880R9	1	35
 Q880V8	1	18
 Q880V8	281	318
 Q881A1	491	522
 Q881B5	1	17
 Q881E6	340	404
 Q881L1	1	136
 Q881L1	194	246
 Q881L5	1	13
 Q881L5	199	217
 Q881S8	1	16
 Q882D0	1	38
 Q882W6	1	64
 Q884A7	1	42
 Q885N4	243	270
 Q886U3	409	429
 Q887Q1	1	28
 Q887Q1	455	470
 Q888K6	1	58
 Q889B3	1	27
 Q889B3	422	457
 Q88A34	1	21
 Q88A38	1	40
 Q88AJ1	220	265
 Q88AS6	1	17
 Q88B33	239	256
 Q88BK2	347	367
 Q87TY5	1	21
 Q87U10	174	212
 Q87UF1	1	83
 Q87UP2	1	30
 Q87V71	382	629
 Q87VC7	1	15
 Q87VN5	1	96
 Q87VQ4	1	18
 Q87VS7	1	45
 Q87VU5	1	15
 Q87WA6	442	479
 Q87WD4	1	80
 Q87WV7	1	13
 Q87WZ5	207	260
 Q87XS5	1	269
 Q87XT6	1	24
 Q87YI5	178	195
 Q87YJ2	1	23
 Q87YM0	1	94
 Q87YV5	1	40
 Q87Z23	1	13
 Q880C5	1	13
 Q880Q2	1	41
 Q880T0	1	13
 Q880T0	602	619
 Q882E9	1	40
 Q882G1	1	27
 Q882L9	1	40
 Q883J3	1	23
 Q884E2	1	59
 Q885H9	1	48
 Q885S2	262	279
 Q886Y6	1	71
 Q886Y6	164	192
 Q886Y6	247	261
 Q886Y6	458	489
 Q887A2	147	163
 Q887P0	1	26
 Q887U2	694	706
 Q887X2	1	13
 Q887Z6	1	20
 Q888N3	1	35
 Q889J3	214	230
 Q88AN6	466	478
 Q88BK6	124	140
 Q88BR8	1	15
 Q877K7	113	130
 Q87UH9	1	34
 Q87UP6	1	42
 Q87V40	1	16
 Q87V40	190	204
 Q87V67	1	24
 Q87V67	461	625
 Q87WU0	1	132
 Q87YF9	492	1128
 Q87YS7	1	61
 Q87YS7	461	482
 Q87Z07	49	61
 Q87Z07	134	157
 Q87Z52	1	32
 Q87Z93	458	471
 Q87ZF9	291	312
 Q880B2	1	25
 Q880U3	1	21
 Q880W7	349	391
 Q880X1	1	24
 Q881G2	1	37
 Q881T8	1	39
 Q882M2	1	19
 Q884C7	141	153
 Q884F1	1	15
 Q884Y2	478	491
 Q885I8	1	89
 Q887Q3	1	42
 Q887Q4	1	32
 Q888E0	1	53
 Q888V4	286	339
 Q888V4	481	551
 Q88AU0	1	107
 Q88B13	1	109
 Q88B44	1	20
 Q88BF8	539	595
 Q88BG8	1	26
 Q88BW6	1	27
 Q88BW7	1	28
 Q88BW7	364	457
 Q87UW7	1	27
 Q87UX5	1	33
 Q87UX5	403	454
 Q87VW9	1	65
 Q87WP0	601	638
 Q87WQ2	89	126
 Q87X24	1	54
 Q87X75	1	69
 Q87XS3	1	116
 Q87Y42	1	60
 Q87Y42	106	150
 Q87Z37	1	24
 Q87ZU8	1	35
 Q880A2	1	94
 Q882F1	1	30
 Q882N5	513	528
 Q882X4	1	40
 Q882Z9	1	22
 Q883R5	1	22
 Q883Y9	214	230
 Q884K3	105	131
 Q884R1	1	38
 Q884T6	1	25
 Q884Z2	1	36
 Q885P0	1	32
 Q885R3	1	13
 Q886D5	506	525
 Q886P7	1	52
 Q889C5	1	17
 Q889G3	1	31
 Q889I5	192	211
 Q88AM5	1	25
 Q88AU1	58	73
 Q88AV5	1	39
 Q88AW2	1	197
 Q88B18	79	93
 Q88B83	129	318
 Q88B99	532	550
 Q88BT9	1	69
 Q877K9	1	188
 Q877K9	399	452
 Q87TY9	1	22
 Q87U49	1	71
 Q87U72	516	537
 Q87U72	622	680
 Q87UA6	388	404
 Q87UA6	445	461
 Q87UC0	1	59
 Q87UY1	114	131
 Q87V35	1	23
 Q87V39	775	791
 Q87VH5	1	44
 Q87VJ1	136	193
 Q87VL9	1	13
 Q87VL9	422	437
 Q87VY9	1	18
 Q87X31	1	55
 Q87X31	242	289
 Q87XJ4	1	66
 Q87XJ7	1	42
 Q87XM0	1	23
 Q87Y19	1	13
 Q87YT1	179	221
 Q87ZL5	359	381
 Q87ZV9	45	67
 Q87ZV9	113	127
 Q87ZW7	1	35
 Q87ZW7	144	187
 Q883E1	1	16
 Q883J0	1	29
 Q883J1	1	20
 Q884F5	1	29
 Q884W4	1	31
 Q884Y7	140	155
 Q885L4	103	137
 Q886G9	1	30
 Q886K2	1	37
 Q887F5	1	61
 Q887F5	186	203
 Q888M8	187	235
 Q889F2	1	18
 Q889J0	1	29
 Q889P9	67	81
 Q889R1	1	43
 Q88AP0	1	14
 Q88AP8	1	21
 Q88AZ0	1	135
 Q88AZ0	241	273
 Q88B69	1	22
 B1GRK1	1	29
 Q87TZ9	1	20
 Q87U28	1	26
 Q87U46	1	21
 Q87UF7	129	160
 Q87UF7	396	437
 Q87UI5	94	277
 Q87VM7	130	166
 Q87W69	1828	1842
 Q87WJ5	1	15
 Q87WN0	1	94
 Q87X58	1	79
 Q87X90	1	14
 Q87YX2	298	421
 Q87YZ2	1	34
 Q880C2	1	18
 Q880P4	1	40
 Q880P4	314	336
 Q881J8	1	19
 Q881J8	185	229
 Q881J8	325	339
 Q881L0	1	45
 Q881U2	1	52
 Q881U2	259	272
 Q882H5	460	500
 Q882I7	1	20
 Q882P4	1	15
 Q884E8	386	411
 Q885D5	1	31
 Q886U7	1	22
 Q887C2	130	143
 Q887H1	295	313
 Q888J3	1	19
 Q888X1	1	40
 Q889A5	231	272
 Q889G6	1	33
 Q889X6	1	17
 Q889X6	99	123
 Q88A63	1	17
 Q88AN8	1	22
 Q88AR8	1	28
 Q88BH4	667	703
 Q88BW4	1	42
 G3XDC3	143	159
 Q87U98	1	15
 Q87UR4	1	68
 Q87UR4	456	478
 Q87UV8	1	45
 Q87V22	1	21
 Q87VH3	1	13
 Q87VI1	271	328
 Q87VN8	71	126
 Q87W70	1	56
 Q87W70	2533	2550
 Q87WC4	1	35
 Q87XK3	1	15
 Q87XK3	628	643
 Q87XP6	1	18
 Q87Y41	1	53
 Q87YJ6	1	18
 Q87Z53	1	40
 Q87ZN8	1	101
 Q87ZN8	769	784
 Q881N2	391	444
 Q881Q1	241	265
 Q882E2	1	13
 Q882N9	1	40
 Q883M0	1	15
 Q884L9	1	61
 Q884Q5	1	24
 Q885B1	67	84
 Q885B1	130	155
 Q885M4	1	25
 Q885U5	1	18
 Q885Z3	1	28
 Q888N7	1	76
 Q888N7	112	147
 Q888T2	164	186
 Q88BB8	1	76
 Q88BG9	1	52
 Q88BR9	1	22
 Q88BR9	676	714
 Q8RSY1	1	131
 Q8RSY1	200	277
 Q8RSY1	354	382
 Q8RSY1	489	511
 D3NQ15	1	70
 Q87V21	1	30
 Q87VQ6	1	18
 Q87VZ4	1	19
 Q87W24	63	79
 Q87WM4	203	217
 Q87WM4	411	427
 Q87X22	1	24
 Q87XA8	122	175
 Q87XR1	1	109
 Q87YA2	1	14
 Q87YC6	1	16
 Q87YK1	1	82
 Q87Z48	1	27
 Q87Z85	50	62
 Q87ZE0	1	25
 Q87ZG5	1	30
 Q87ZG5	167	218
 Q87ZG5	520	561
 Q87ZI2	352	369
 Q87ZJ8	1	40
 Q87ZP1	1	20
 Q880I2	1	32
 Q880M5	1	137
 Q881B4	1	26
 Q881B4	490	576
 Q881N0	1	105
 Q881N0	655	758
 Q881N0	851	866
 Q881U7	1	20
 Q883M3	1	21
 Q884Y6	1	61
 Q885Y0	1	32
 Q885Y0	314	366
 Q886J4	1	19
 Q886S3	1	18
 Q886T5	1	131
 Q887N4	1	15
 Q888Q2	405	425
 Q888Q2	464	478
 Q888T8	1	13
 Q889E2	1	16
 Q889R5	1	43
 Q889V2	1	55
 Q88A10	698	713
 Q88A85	1	15
 Q88AL3	1	22
 Q88AU7	1	18
 Q88BF6	1	28
 Q88BF6	106	221
 Q88BF6	266	287
 Q87UV6	430	452
 Q87WH3	1	21
 Q87WL6	1	14
 Q87WL6	204	226
 Q87XI8	1	48
 Q87YX8	1	22
 Q87Z34	1	15
 Q87ZL2	47	225
 Q87ZL2	621	674
 Q881E7	1	41
 Q882S4	1	18
 Q883M7	1	29
 Q886I4	1	225
 Q888X4	1	39
 Q888X4	75	98
 Q889U1	111	189
 Q88BK3	73	164
